prompt_id,p_hat,bucket,base,grpo,opd,rlopd,agopd
fa47c422-2169-47d3-b37c-ef1739daab44,0.0,hard(p=0),False,True,True,True,True
893048e2-7268-4ae2-b6cb-411e13eb5bcb,0.25,.25-.5,False,False,False,False,True
472d9ebd-1e06-4f3c-9ba5-db12079a2cd8,0.125,.125-.25,False,True,True,True,True
45c5390a-971e-440b-be63-5433dad6e467,0.0,hard(p=0),False,False,False,False,False
2cc7affb-b4d6-4b27-8a2b-5a153e24b67b,0.0,hard(p=0),False,False,False,False,False
3f2e0028-64bc-4585-945c-4ffe45e4abb3,0.125,.125-.25,False,False,False,True,False
1e6be188-ddac-4ae3-b8e7-55aaa93ff498,0.0,hard(p=0),False,False,False,False,False
bfd67f90-526a-4ef1-9112-16aad2c62157,0.25,.25-.5,False,True,False,False,True
472e388a-b810-4085-aa7d-dbff8ea30c65,0.375,.25-.5,False,True,True,True,False
476716ae-a874-45b2-8af7-dc2c7459a4a4,0.0,hard(p=0),False,False,True,True,False
d1eeed6f-2ae2-4d6a-8101-fe9ae3f7bbb4,0.0,hard(p=0),False,False,False,False,False
9e57832d-9116-460a-b355-f58bd058289f,0.0,hard(p=0),False,False,False,False,False
a2bd335d-b7af-454e-829c-cf29b92b9f3f,0.125,.125-.25,True,False,False,False,True
1a8c4881-0516-4bde-a4ae-c6c01de391fd,0.375,.25-.5,False,True,True,False,True
d0457089-612b-4252-a168-72b71604db4b,0.0,hard(p=0),False,False,False,False,False
7315d266-b89b-41d4-8e95-bf1eb46dea3e,0.0,hard(p=0),False,False,False,False,False
7325212e-6dad-4570-b240-573da46cbc98,0.125,.125-.25,False,True,False,False,False
8cbb39f9-9976-40a5-a069-b5c324dc5ad6,0.0,hard(p=0),False,False,False,False,False
1f757d5d-bfdf-48fd-8e02-0efba80f611a,0.0,hard(p=0),False,False,False,False,False
780c5415-4d24-4c69-8104-56dd2cbe8e87,0.0,hard(p=0),False,False,False,False,False
8b93765d-f0f2-4b15-bf2e-9c6e09e799fb,0.0,hard(p=0),False,False,False,False,False
bd11dc0e-bfa6-4150-aba4-a567f92862c1,0.125,.125-.25,False,False,True,False,False
16b41f71-546a-4d93-bdbc-8163a083e3c5,0.75,easy(>.75),False,False,False,False,True
0b1be676-146b-43c8-9254-1e702793c0a9,0.0,hard(p=0),False,False,False,False,False
71b9c96e-2e7b-4f98-a03a-9bded9ceabbf,0.0,hard(p=0),False,False,False,False,False
7b41d873-ed25-4145-9b1f-1866d160d520,0.125,.125-.25,False,False,False,False,False
8c70bf27-75b2-488f-a838-173bdfd2ec21,0.375,.25-.5,True,True,True,True,True
f03c8b8e-ba9a-4569-8c22-a11e561c9772,0.0,hard(p=0),True,False,False,True,False
271c63bb-8e58-4f41-a578-567283c213df,0.0,hard(p=0),False,False,False,False,True
d583dd64-9b9e-408b-9f6b-adc7990d1976,0.0,hard(p=0),False,False,False,False,False
4527db9e-77ca-4277-bcc2-8b965c3b7211,0.625,.5-.75,True,True,True,False,False
b4803db4-3c1a-47e7-b156-dd548ccbf993,0.0,hard(p=0),False,False,False,False,False
f675d370-a420-4225-96b8-195f5253a35c,0.0,hard(p=0),False,True,False,False,False
8c3f743a-f064-4338-9b51-6e417952b854,0.125,.125-.25,False,False,False,False,False
4733ccd7-8091-4d81-953c-7d73c2609ea8,0.5,.5-.75,False,False,True,False,True
ca505ca6-2d6b-47a1-add7-61093aa3c7f4,0.25,.25-.5,True,False,False,True,False
830a83e0-a916-4485-8880-6a2142cf5e55,0.0,hard(p=0),False,False,False,False,False
9a870ac3-7bd7-4f53-b80b-b993c7cfa709,0.0,hard(p=0),False,False,False,False,False
3374243d-ba55-4364-8b19-25d1c84fdca2,0.125,.125-.25,False,True,False,False,False
93d07483-b4d3-406c-8953-f30b698a7d5c,0.0,hard(p=0),False,False,False,False,False
4ba05816-f579-4438-92b2-39818f26bd43,0.5,.5-.75,False,True,True,False,False
8fb5107d-11e7-4f7d-a938-0335be0a710e,0.0,hard(p=0),False,False,False,False,False
4d11e755-2c8f-46b6-b9fb-e80b4b933ff3,0.0,hard(p=0),False,False,False,False,False
775cd03a-13cd-4dc9-ba03-27c7c33d0596,0.0,hard(p=0),False,False,False,False,False
443f6bf8-b0b5-474d-bf26-7cfee9353946,0.0,hard(p=0),False,False,False,False,False
e928b70e-f40c-426d-95be-adbb3cf968ce,0.0,hard(p=0),False,False,False,False,False
eb15b67c-6712-40d3-a62b-9c98a16327e4,0.0,hard(p=0),False,False,False,False,False
c0b13fd6-6972-4d80-9122-861f468685f4,0.875,easy(>.75),True,False,True,True,True
9eb00afd-0a8f-4852-ba50-9177c64645b6,0.25,.25-.5,True,True,True,True,True
e9441dbe-378a-4638-9aad-20209e57efef,0.125,.125-.25,True,True,True,True,True
8dcb1b97-cf12-448d-a5e5-f1301d12c5a2,0.0,hard(p=0),False,False,False,False,False
cdc9cd97-d75e-46ae-9043-48e39eb87cc7,0.0,hard(p=0),False,False,False,False,False
e701d427-54d0-4ea0-9feb-b7b3584cc877,0.0,hard(p=0),False,False,False,False,False
d5a17182-b7df-4620-b9e1-ada7eefa3336,0.0,hard(p=0),False,False,False,False,False
66d1d761-43c4-46ef-85d0-bc72e77312e1,0.125,.125-.25,False,False,False,False,False
c4ffe3cd-56e0-49a8-8536-d5ba94b40d69,0.0,hard(p=0),False,False,False,False,False
d2db4614-5c6b-45bd-b41d-216dd3fe5b88,0.0,hard(p=0),False,False,False,False,False
b162f132-63cf-4e3e-9758-8e6abe8ae688,0.125,.125-.25,False,False,False,True,True
40108f1c-c540-45c0-a10e-44648baf7fe3,0.0,hard(p=0),False,False,False,False,False
304d070f-2f75-4792-b2a6-070d5ecca329,0.0,hard(p=0),True,False,False,False,False
fee4b142-f611-42c9-af7f-12f7e8ec993e,0.25,.25-.5,False,False,False,False,False
1a400162-1b9e-4fbe-8b89-71ffe2f2d993,0.0,hard(p=0),False,False,False,False,False
39fd0404-f3df-4adb-9cba-006f00cc3420,0.25,.25-.5,True,False,False,False,True
91248b4c-fbdd-4f48-b12e-db323d5dbf0d,0.625,.5-.75,True,False,True,False,False
ed2a045d-f03b-413e-8205-ed3b997d583c,0.375,.25-.5,False,False,True,True,False
c3f17c63-bad9-4b3a-b0d6-73d6c6914bf6,0.5,.5-.75,False,True,False,False,False
53816d0b-89da-49d1-aee5-15757d3007bf,0.0,hard(p=0),False,False,False,False,False
8d25ba94-9bf1-4fb8-bf82-9fb69788b136,0.0,hard(p=0),False,False,False,False,False
87c2bf19-841d-4598-ad2c-4415301880ce,0.125,.125-.25,False,False,False,False,False
ab7cfc85-1808-4e84-ade3-05a90fd1d8b0,0.0,hard(p=0),False,False,False,False,False
c5738a3d-06c1-454d-81f0-305fe2ed9105,0.125,.125-.25,False,True,False,False,True
8999b59e-fb36-47ec-b1d2-f5278190ecc1,0.125,.125-.25,False,False,False,False,False
8a2cf744-616a-45f2-a286-1c8f5ac939af,0.125,.125-.25,False,False,False,False,False
12506273-f96f-4f3e-9dd5-2cd3581feab7,1.0,easy(>.75),True,True,True,True,True
27307241-9143-49f2-921c-d68dcb2eda6c,0.0,hard(p=0),False,False,False,False,False
2c832b28-bbb8-40ac-a649-9234bac5589a,0.125,.125-.25,True,False,False,False,False
8173ce77-69f1-498a-be8a-a4fdc1ae1dc8,0.5,.5-.75,False,False,False,True,False
5d16ac55-75c3-41c6-acac-e2178e44633e,0.0,hard(p=0),False,False,False,False,False
328222b4-38ea-477b-abee-11d587aba4d4,0.0,hard(p=0),False,False,False,False,True
93da90f7-23b6-4e94-84a7-8c48c5d3a3d9,0.5,.5-.75,False,True,False,True,True
7fc608d0-112d-4332-bf65-3c507c39549b,0.0,hard(p=0),False,False,False,False,False
4d71365e-f5ef-46af-9ee0-611cafc34ed7,0.0,hard(p=0),False,False,False,False,False
a924c42e-4942-4220-a85e-7d9d6aa84e74,0.375,.25-.5,True,False,False,False,False
a8324853-2563-405c-8dc9-ef223b3c6c7b,0.125,.125-.25,False,False,False,False,False
448b9325-d55c-4d0a-bbfc-0b5058303804,0.0,hard(p=0),False,False,False,True,False
11384df2-0f87-4a3c-866c-9b4dfce9dda9,0.125,.125-.25,False,False,False,False,False
082de53c-7528-4e16-baa0-f70a68036b1f,0.0,hard(p=0),False,False,False,False,False
2eb82fde-325b-4a68-97b5-d9a8b81591ef,0.125,.125-.25,False,False,True,False,False
cf87bdea-ce8b-45ea-8b9b-7258e08e2255,0.0,hard(p=0),False,False,False,False,False
280e37fe-892d-4b22-9f70-830c4e457463,0.0,hard(p=0),False,False,False,False,False
cbdd11df-5fb4-4aed-a715-cb6871d17f53,0.0,hard(p=0),False,False,False,False,False
bd45e6d9-5191-4d01-98f2-cede91a5162f,0.0,hard(p=0),False,False,False,False,False
94c06f58-9278-4b0d-8351-fa43b8ac4d24,0.875,easy(>.75),True,True,True,True,True
9fd1bc4d-d0c6-411e-a246-3eb8be1adb8c,0.875,easy(>.75),True,True,True,True,True
c06cb44b-7989-4abe-84a8-4fdf2509d7aa,0.25,.25-.5,False,False,False,True,False
c902c91b-e82e-4dc8-ba59-6fa2b6573979,0.0,hard(p=0),False,False,False,False,False
b9cd1b41-93b6-4f2f-ba44-530ebb769ede,0.0,hard(p=0),False,False,False,False,False
95414d2f-5c2a-4268-8e7d-278cf88a0527,0.0,hard(p=0),False,False,False,False,False
2a3c525a-882c-46b2-847e-0c7c0d4a342e,0.0,hard(p=0),False,False,False,False,False
d6e7b487-b575-4bb3-9037-2bc806806b66,0.25,.25-.5,False,True,False,False,False
f59ee2db-0524-46da-b3ab-fff4c23e6aaf,0.75,easy(>.75),True,True,True,True,True
f094e99c-63b3-4b7f-9bfe-a242ca3490ed,0.0,hard(p=0),False,False,False,False,False
ab2595c8-eb8e-4af5-b728-df23c236f7ca,0.0,hard(p=0),False,False,False,False,False
501ddeee-9873-45c3-8d12-748d00b311af,0.25,.25-.5,False,False,False,True,False
2fd328a4-5568-49dd-9c9d-87e739ad186d,0.125,.125-.25,True,False,False,False,False
e108f1fc-f45d-471a-88e8-df68da078180,0.25,.25-.5,False,False,False,False,False
1287cadf-b6ac-4242-af4a-7f6b6f0b4d59,0.25,.25-.5,False,False,True,False,False
cb70a117-ac04-4e2a-a40e-a57024eea91d,0.875,easy(>.75),True,True,True,True,True
119af639-cbea-4c55-b349-23a3c6d8fe69,0.0,hard(p=0),False,False,False,False,False
c5f11601-8fc9-4dc3-8f7d-154e037fbaeb,0.0,hard(p=0),False,False,False,False,False
9c982f7d-fe9e-4c23-b502-58c98a0b76bf,0.125,.125-.25,False,True,False,True,False
cf58a6d3-c4b5-4e1c-b845-7bd3d61c614f,0.0,hard(p=0),False,False,False,False,False
d11e2dfd-296e-474d-81da-532662f248f0,0.125,.125-.25,False,False,False,False,False
68b41153-05f4-4e94-890d-7d52fb2c1821,0.25,.25-.5,False,False,False,False,False
6ff0b17f-7e5c-4ae9-b5e9-63ebecd2b9f7,0.375,.25-.5,False,False,False,False,True
de80e903-9b87-4875-b2e4-2cfe9c0f0ec8,0.0,hard(p=0),False,False,False,False,False
3b3db1f5-5e83-411d-922e-d8c188e73d63,0.5,.5-.75,True,True,True,False,True
7b3b813a-f538-4a8f-900a-725bdf7076e3,0.0,hard(p=0),False,False,False,False,False
e92493de-9de6-42e2-ba5d-5665ea0c4c4f,0.0,hard(p=0),False,False,False,False,False
2bfeec2e-2688-4168-8198-b5f9788177dd,0.875,easy(>.75),True,True,True,False,True
d0f93a47-2f13-45db-a0f5-0d3ba26f9143,0.125,.125-.25,False,False,False,False,False
2e637830-1da6-4eaf-8c93-e39aeefd55bf,0.0,hard(p=0),False,False,False,False,False
c4dab8f3-b4da-47ea-bc60-0f05557ebb8c,0.0,hard(p=0),True,True,True,True,False
bf5570b2-71a1-4382-8f03-9cfe85de0c10,0.125,.125-.25,False,False,False,False,False
ebf4673d-aa5d-4bc1-a8aa-0eed71b72c13,0.0,hard(p=0),False,False,False,False,False
da902935-d5d4-4087-9961-041fc484dac2,0.625,.5-.75,False,True,True,False,False
634b80c9-3370-4bfa-b6b1-434c58789fd9,0.0,hard(p=0),False,False,False,False,False
31f55c2c-9c49-435d-a64c-82ac6d4dcb0a,0.0,hard(p=0),False,True,False,False,False
deef2e68-cd9a-448d-bd11-ab0e4df936bc,0.625,.5-.75,False,True,True,False,True
1cc84aab-4df5-4a7d-898d-8fc1817303b6,0.0,hard(p=0),False,False,False,False,False
4c666ef6-8d95-47d0-a113-cba48f1419c7,0.0,hard(p=0),False,True,False,False,False
117b0655-d838-4b3c-84ba-e9cfebe1209a,0.375,.25-.5,False,False,False,False,False
21a22663-1d04-454b-9e4b-3371a15f86c6,0.625,.5-.75,False,False,True,True,True
4af63c6d-5128-4dfd-acbc-8dbc8ad33d9a,0.75,easy(>.75),True,True,True,False,True
04b59d01-0ef5-41cc-938e-3105ce23713a,0.0,hard(p=0),False,False,False,False,False
1cc3b783-8cf2-44f8-8c8b-6252d96d96a5,1.0,easy(>.75),False,True,True,True,True
aba5b2f7-4e1a-4aee-b436-ac293b9a07b8,0.125,.125-.25,False,False,False,False,False
2e6d9735-2057-49cd-9ce2-23b4ce2176ff,0.0,hard(p=0),False,False,False,False,False
3e0605ee-729d-4fcd-8617-5a0a1d97bbb5,0.0,hard(p=0),False,False,False,False,False
be79dde1-cfaf-4a31-9a3e-2ff70b543deb,0.0,hard(p=0),False,False,False,False,False
64f631c9-5a9c-4597-a50a-f40309d0caa7,0.0,hard(p=0),False,False,False,False,False
077b53d9-4227-4c2c-bcab-06453331fee7,0.75,easy(>.75),True,True,False,True,True
d2bd5597-131c-4a6b-a15e-c10ae9b618de,0.0,hard(p=0),False,False,False,False,False
0bd1e2ec-3fa5-4f05-82c2-2934bf10ef06,0.25,.25-.5,False,False,False,False,False
f1abea4d-545d-4fb6-a607-6838156b98d6,0.125,.125-.25,False,False,False,False,False
ff9278ae-fa0b-4bb5-9021-0859e19a006c,0.25,.25-.5,True,False,False,False,False
0acfd19f-6c07-4894-bef2-aa90a1c36ac1,0.0,hard(p=0),False,False,False,False,False
da08d36f-1306-4726-a303-f6711e2d63e9,0.0,hard(p=0),True,False,True,True,False
ae286ba9-b8b0-4153-9ab4-e1a72714094d,0.125,.125-.25,False,False,False,False,False
83892028-e416-402b-b686-71cdf03b0b54,0.875,easy(>.75),False,False,False,False,True
fa7f6a4a-5e12-4dad-8f45-ca265801bd7d,0.0,hard(p=0),False,False,False,False,False
fc949e19-acaf-4f30-b117-43f8773c8851,0.375,.25-.5,True,True,False,False,False
edfd98d0-18f7-443d-b578-9b8eea4a9a79,0.125,.125-.25,False,False,False,False,False
599f33ab-a231-4c3c-9b63-45b84a216bc1,0.5,.5-.75,True,True,True,True,True
bcdfd731-b3bb-4f5a-b775-a97e88c908b6,0.0,hard(p=0),False,False,False,False,False
94041c23-bd7c-4e1c-97cb-80c4f7c44096,0.0,hard(p=0),False,False,False,False,False
866c6084-ac14-472e-a3dd-948b3dab3033,0.0,hard(p=0),False,False,False,False,False
6b091f95-2b64-45ed-acc7-68f5319b7504,0.0,hard(p=0),True,False,False,False,False
6e103481-1490-4277-af43-a187aeda602c,0.0,hard(p=0),False,False,False,False,False
ce9708f4-3139-47a3-a794-f5d6148fd3ea,0.0,hard(p=0),False,False,False,False,False
6f11869a-8731-4dd4-91fd-77bee4669f17,0.25,.25-.5,False,True,False,False,False
a4156a48-5bdc-44e1-9af6-608b09bfd8f8,0.0,hard(p=0),True,True,False,True,True
c02d3750-2dac-4759-88c7-4e2619bfd75c,0.0,hard(p=0),False,True,False,False,False
525f04d7-0846-4237-b6fb-79ba2d99410c,0.0,hard(p=0),False,False,False,False,False
0a7a010f-ee66-42c2-90b0-97de21343c5e,0.375,.25-.5,False,False,True,False,True
5cc9ebed-b252-4328-a3e0-7ce6c4923e92,0.375,.25-.5,False,True,True,True,True
2ce2cec1-8061-4431-a3a2-e6164618e795,0.25,.25-.5,True,True,True,True,False
e45ffdc6-ced3-447e-b971-a2f5dfd277b4,0.125,.125-.25,False,True,True,False,True
b4c88dfe-6725-4041-864e-dd54463b7dce,0.0,hard(p=0),False,False,False,False,False
867592e7-3125-40aa-b486-9dff035e852a,0.125,.125-.25,False,True,False,False,True
fb14855a-15b5-419c-b340-42371ab7e749,0.0,hard(p=0),False,False,False,False,False
28956be5-87c1-4a15-a6ca-533b880b98ed,0.75,easy(>.75),True,True,True,True,False
53e93af3-b4ef-423e-9cea-a27dad6bf8c6,1.0,easy(>.75),True,False,True,True,True
fa764c4f-1cc7-4a45-ab2e-d2f2bc16603d,1.0,easy(>.75),True,True,True,False,True
0dc21695-44e8-439d-95b9-2e2267c8f466,0.25,.25-.5,False,False,False,False,False
f026e650-7588-40d6-8d0f-b2b0855650be,0.0,hard(p=0),False,False,False,False,False
a230092e-2cef-472e-94ef-562ce62cafb8,0.0,hard(p=0),False,False,False,False,False
bc56133a-987e-43ef-86e6-06e0c0944836,0.0,hard(p=0),False,True,False,False,False
823c7ba3-802e-46c8-af6a-7a056de1495a,0.0,hard(p=0),False,False,False,False,False
17a20426-999d-4b7c-b5a4-e86321a79076,0.0,hard(p=0),False,False,False,False,False
86b8ee56-8cbd-4622-b75b-7c0d7c50f872,0.875,easy(>.75),True,True,True,False,True
bb0caa3c-e6f4-4fc7-8d83-974ac77ca4a0,0.375,.25-.5,False,False,True,False,False
d36249dc-5513-4ee3-8bb0-6174dfe78744,0.75,easy(>.75),True,True,True,True,True
5523eac8-46ce-4d9f-929e-0c000abd790c,0.0,hard(p=0),False,False,False,False,False
1161fdfd-846b-45cf-9915-4ab1a82dd98f,0.25,.25-.5,False,False,False,False,False
c335b67a-d599-409c-8541-60ae3361663c,0.0,hard(p=0),False,False,False,False,False
d0b05edf-c496-4b37-8fd2-0e2cf984ad6f,0.875,easy(>.75),True,True,True,True,True
a4a358d4-240b-4b44-a50a-94ce50105201,0.375,.25-.5,False,False,True,False,True
bf787a13-f39b-4d64-bcf2-c51158977826,0.25,.25-.5,True,False,False,False,True
df9c0d93-45cf-465e-bd20-6113282c732a,0.0,hard(p=0),False,False,False,False,True
726bc673-305d-4381-9da2-28ebed210b8a,0.0,hard(p=0),False,False,False,False,False
16771d40-3e91-4b2e-bff9-84cbbaa8d702,0.625,.5-.75,True,True,True,False,True
b81e0a02-2af2-4b3f-9527-df975930c4c9,0.125,.125-.25,False,False,False,False,False
829b62ae-abd7-4a0c-abc5-b3125d35a0db,1.0,easy(>.75),True,True,False,True,True
3fa5dd7f-22e1-4e9b-a158-ad08686cf480,0.125,.125-.25,False,False,True,True,False
6356731e-d4c2-4322-be89-ee4612d15d9e,0.0,hard(p=0),False,False,False,False,False
ce2a5a45-ffed-4996-a618-475e74f9c4bb,0.75,easy(>.75),True,True,True,True,True
cc53232e-cc80-4262-b320-45f73a9a924a,0.0,hard(p=0),False,False,False,False,False
d2e835d6-b991-4a52-a08e-3bae4c5eb6d8,0.0,hard(p=0),False,False,False,False,False
fbf32fcf-32ad-4f44-b16e-c07cd125f006,0.125,.125-.25,False,False,False,False,False
4494fce7-e7f1-4542-9467-03363c86d037,1.0,easy(>.75),True,True,True,True,True
0b0157b3-1875-4860-90c0-59dd451fe646,0.0,hard(p=0),False,False,False,False,False
e012a260-4939-4ef9-85b9-0e974ff7ed9e,0.375,.25-.5,True,False,True,False,False
e877fd8b-7b52-430f-bcb7-d6fb497185ad,0.0,hard(p=0),False,False,False,False,False
f8be155b-bcb4-4cb2-833f-d60e2376f69c,0.0,hard(p=0),False,False,False,False,False
873b55f4-0cc7-4ed5-9437-0f258fdca829,0.25,.25-.5,False,True,True,True,True
f387fa35-ca89-409a-88ab-2f9a9657ff39,0.0,hard(p=0),False,False,False,False,False
3ecafb22-ba1d-4b78-9129-1789ae464a3f,0.0,hard(p=0),False,False,False,False,False
0bc5fe50-658a-4902-a3a2-e1034b63b98c,0.5,.5-.75,True,True,True,True,True
90954704-8303-4ee7-abf2-3276c322681f,0.5,.5-.75,True,True,True,True,True
6e60e510-2509-4715-b3d6-9e429c282384,0.0,hard(p=0),False,False,True,False,False
4e4d4680-19a1-4e79-b994-7779a74d72ca,0.5,.5-.75,True,False,True,True,True
8e3d4e9a-9283-46db-9c50-a46481c71527,0.0,hard(p=0),False,False,True,False,False
16c14487-8285-41b6-a251-29737c8b70eb,0.0,hard(p=0),False,False,False,False,False
1ede3ad9-30f3-4322-a34f-f3bbbe0ef4fa,0.375,.25-.5,True,True,True,False,True
97a322d5-496c-4b1b-85eb-da8df2eccdbb,0.5,.5-.75,True,True,False,False,False
4fd5bbae-ebee-4d55-b574-3d3488663a2c,0.375,.25-.5,False,False,False,True,True
9f343028-b126-4222-b146-32acd06c2af1,0.5,.5-.75,False,True,True,False,True
1d32ac67-d565-4c33-babd-6955f017ce99,0.625,.5-.75,False,True,True,True,True
40a566d1-c7ca-4794-898f-e8640d0f3d4b,0.0,hard(p=0),False,False,False,False,False
90b33412-2051-40ac-bd2c-4dc8610b80c5,0.125,.125-.25,False,False,False,False,False
6de8da64-a10d-4db7-9411-1666f49cbeb9,0.625,.5-.75,False,True,False,True,True
2465152b-3c1c-4ec4-a740-01edb340c395,0.125,.125-.25,False,False,False,False,False
a9294ee2-a10c-4ed8-96a1-36c86cf6cf40,0.0,hard(p=0),False,False,False,False,False
2758d10b-2809-44d8-b499-2c52c032c8dd,0.375,.25-.5,True,True,True,True,True
ef51d713-f2d0-4314-93b2-c8ff85af9b63,1.0,easy(>.75),True,True,True,True,True
2b293113-c30a-49d7-816c-e9e0a61062c4,0.75,easy(>.75),True,True,True,True,True
0821ce98-aa7a-4839-bcb2-1de9f0e4d027,0.375,.25-.5,False,False,False,False,False
e98866f7-0de1-49c9-ada3-3765ee8b4757,0.0,hard(p=0),False,False,False,False,False
616e2677-4064-4589-b43e-877912268add,1.0,easy(>.75),True,True,True,True,False
cfd55e31-dbec-4d3c-ae59-2644bd86ea1b,0.875,easy(>.75),True,True,True,True,False
7fbf9326-c6fb-4c6c-a58d-6988baad4f08,0.0,hard(p=0),False,False,False,False,False
203f5b77-05f2-4c4f-ba59-ef6825e3d893,0.0,hard(p=0),False,False,False,False,False
65060927-1ca4-4607-afc0-596a4b93dbd8,0.0,hard(p=0),False,False,False,False,False
4af10ab1-4d0a-4a38-9a15-5a8cbec7f362,0.75,easy(>.75),True,True,True,True,True
a3f2a724-68b3-4288-8450-34ae9b07ef9d,0.5,.5-.75,True,True,True,True,True
ebf664e2-6df1-480e-b541-a4594bfabdf6,0.0,hard(p=0),False,True,False,False,False
4d9b704d-377e-4cf9-bb97-3cedf36e9528,0.0,hard(p=0),False,False,False,False,False
5cecceae-9110-4976-9ca7-6762c1887a16,0.75,easy(>.75),True,True,False,False,False
a33df612-a6e8-4c50-900a-8fceff7fecec,0.25,.25-.5,False,True,True,True,True
38c90a01-d62f-4acd-a465-dee5c42adcd2,0.5,.5-.75,True,False,False,False,False
d160beb9-48a8-4447-80be-c3d08589aa35,0.0,hard(p=0),False,False,False,False,False
a9d95fa7-f0c4-4e21-b85a-ab3b8c7ea410,0.125,.125-.25,False,False,False,False,False
93aea692-cb3b-4e3f-8629-ace7c00c13f9,0.0,hard(p=0),False,False,False,False,False
e6878e06-8457-4ca5-b6da-6e2718f5abf5,0.875,easy(>.75),True,True,True,True,True
9ae790f5-bc39-4ebc-b56d-523ce0ec8048,0.0,hard(p=0),False,False,False,False,False
f0fb44c2-21ec-4f17-aa92-6f539138bc3f,0.625,.5-.75,False,True,True,True,True
b0805706-6161-4537-b545-61ca4b3b76ba,0.375,.25-.5,False,False,False,False,False
6056281d-26d3-4360-9f50-d131cbd66629,1.0,easy(>.75),True,True,True,True,True
703d4c51-736f-4c27-b839-568ec7eb0be8,0.75,easy(>.75),True,True,False,False,True
a854c341-0ac3-41e6-bbc8-c5d87226b71b,0.0,hard(p=0),False,False,False,False,False
bed73c11-4403-475a-be5e-48a8b78a2bc2,0.125,.125-.25,True,True,True,True,True
33b51622-b5e7-4a2c-96f0-2bdd22ed329e,0.0,hard(p=0),False,False,False,False,True
32cdd307-ff78-40b6-a1e7-d98d7f026b2f,0.625,.5-.75,True,False,True,True,True
8627e979-bfd9-441e-a300-2607d896d9b8,0.5,.5-.75,False,True,False,False,True
ab47e509-3bfb-4ea9-b95b-f83da3121378,0.5,.5-.75,True,True,True,True,False
ac724dbc-9155-4b4b-8ad4-954839cb3696,0.0,hard(p=0),False,False,False,False,False
e300ad2b-89fc-4cdc-81f3-f96220ea4103,0.125,.125-.25,False,False,False,False,False
af831658-af14-4e79-b041-4b648bbacbbc,0.0,hard(p=0),False,False,False,False,False
9a7afe3f-19d6-4fc8-88ef-ef2e2c4c0896,0.5,.5-.75,True,True,True,True,True
6231948d-95b8-4757-8dc4-084240c4eae1,0.625,.5-.75,False,True,False,True,True
66462664-175c-4efb-b3ef-26d3b2c64340,0.75,easy(>.75),False,False,True,True,False
c0659f3a-2792-4cc8-b669-9c50d7382147,0.875,easy(>.75),False,True,True,True,False
47e15d8b-5c71-46a9-9dbe-f661681feba5,0.0,hard(p=0),False,False,False,False,False
030f3ead-93c1-4dd2-9557-e9445f35f109,0.0,hard(p=0),False,False,False,False,False
20d746d1-175d-4cc9-a967-e25637c15362,0.25,.25-.5,False,False,False,False,False
1baa052d-d9f3-4a03-aef7-14082bf85f28,0.0,hard(p=0),False,False,False,False,False
4d1fb92a-4b66-4169-a1a6-8bed57e6a479,0.0,hard(p=0),False,False,False,False,False
9c3418b3-33db-45b6-8e85-5bb21d4840e6,0.0,hard(p=0),False,False,False,False,False
04617476-8b0a-451a-b95b-fe5d3c12bfae,0.0,hard(p=0),False,False,False,False,False
cf304e85-0e71-4d7b-a25f-8338532a537a,0.75,easy(>.75),True,False,True,True,True
85e1cbcc-6a80-4c5b-946b-3c438bb381f0,1.0,easy(>.75),False,True,True,True,True
fd94db07-e787-4d1c-ba87-661201c6f649,0.0,hard(p=0),False,True,False,True,False
63bcbe8b-7474-49b5-a211-5ee25d598e90,0.125,.125-.25,False,True,True,True,True
e8eb82d5-798f-4272-a873-37ed9f12326e,0.0,hard(p=0),False,False,False,False,False
52171490-cdee-4e8d-a2e7-2bedb39d746a,0.0,hard(p=0),False,False,False,False,False
8a3eaf60-84c9-4ac1-bd97-3c9f8b28b792,0.125,.125-.25,False,False,False,False,False
df8613ee-84f7-442b-8c53-fda2178d4e7c,0.625,.5-.75,False,True,True,True,False
74d11590-28df-48af-bddb-8804ab7174bb,0.875,easy(>.75),False,True,False,True,True
50ab9cae-4937-484d-afb6-ceb3523c84a3,0.0,hard(p=0),False,False,False,False,False
f6b73499-6722-4b67-a48d-08f84cc80594,0.0,hard(p=0),False,True,True,False,False
e0279cc7-b0d4-4368-a565-038361708ccc,0.0,hard(p=0),False,False,False,False,False
019d3dca-f5c2-4c4a-aa74-4cc04c2b7968,0.0,hard(p=0),False,False,False,False,False
7e150e7a-5801-4a62-acbf-64620ff30021,0.0,hard(p=0),False,False,False,False,False
02b147d5-84a9-41c3-83ca-b7a5fa0ee3f2,0.625,.5-.75,True,True,True,True,True
ee4ccdb6-7a84-4a65-bbc7-e186849bdbed,0.875,easy(>.75),True,True,True,True,True
953581c2-5fd6-4613-af7e-f777293a5758,0.75,easy(>.75),True,True,False,True,True
73af046a-81c5-429a-829c-38625150641f,1.0,easy(>.75),True,True,True,True,True
a368c827-fa63-4fb8-9607-11db330638e3,0.875,easy(>.75),True,False,True,True,True
de752faf-266b-4d1f-be21-23d852abf200,0.0,hard(p=0),False,False,False,False,False
30de0ded-f497-4405-8632-df2d93804756,0.25,.25-.5,False,True,False,False,True
1d7f82fa-044a-4f95-b91d-062121eb5fbe,0.125,.125-.25,False,True,True,True,True
33a8f936-ecbe-4934-b3cb-0278579ecffb,0.625,.5-.75,True,True,False,False,False
d3dc6019-50a4-4412-8451-ed53e213710b,0.625,.5-.75,True,True,True,True,True
c14cc34f-b4f5-4686-9a7b-0ef17a5b7f4c,0.25,.25-.5,False,True,False,False,False
85cc62fd-4aaf-450f-9214-c9007b5890af,0.0,hard(p=0),False,False,False,False,False
c0c8b036-9be9-4ea6-bf0c-a93d68f63159,0.0,hard(p=0),False,False,False,False,False
23fbadbf-55e3-46b6-9093-f504cec768a8,0.75,easy(>.75),True,True,False,True,False
0a652d57-8a98-4203-9b3d-9aa89f00d394,0.0,hard(p=0),False,False,False,False,False
bc42c804-f96b-4db3-b6f1-393b91d062ee,0.0,hard(p=0),False,False,False,False,False
9cbe278b-940d-4fa2-8d86-2f4bc2c366c4,0.375,.25-.5,False,False,False,True,False
af58b994-c5fd-4983-bcca-0f3173e7570c,0.0,hard(p=0),False,False,False,False,False
f8b9a7f0-c683-48c2-b090-71d62ac4070d,0.875,easy(>.75),True,True,True,True,False
ae096e34-240e-4c4b-8b9d-4d34eaac4c0d,0.125,.125-.25,True,True,False,False,False
5be95466-f7b9-44c9-85e6-e3a9669c19d1,0.5,.5-.75,True,True,False,True,True
13c9819b-a44c-439c-b45f-6e81ae7bfc4c,0.125,.125-.25,False,False,False,False,False
27ab1ff2-7526-40d8-9399-851a47887db7,0.125,.125-.25,False,False,False,False,False
f1db291a-9c0d-4869-b94d-2610f8f74e20,0.0,hard(p=0),False,False,False,False,False
753aad4e-25b3-4687-8fe6-2bfbf81e367e,0.375,.25-.5,True,True,True,True,True
e35e4b2f-0564-42a1-aa70-1795df1b2252,0.0,hard(p=0),False,False,False,False,False
6be7671b-319d-4e45-835c-f12dd345448c,0.0,hard(p=0),False,False,False,False,False
c40108e9-2928-4ab7-b4d1-25fb6f5a0f93,0.0,hard(p=0),False,False,False,False,False
479a82a8-9756-4481-9e47-5ef2f7924119,0.25,.25-.5,False,False,False,False,False
9597b9b2-c092-41a6-9952-d964c8fb00fe,0.0,hard(p=0),False,False,False,False,False
fea9e31e-4c49-400c-a8d0-041362e793b5,0.75,easy(>.75),False,True,False,True,True
5e3ea537-345b-4fba-89f5-880cf1a305d9,0.75,easy(>.75),False,True,True,False,True
7ccea437-6988-477b-99f6-34f69c85f731,0.0,hard(p=0),False,False,False,False,False
378cda86-23af-47f5-b25a-1e45eba910c1,0.0,hard(p=0),False,False,False,False,False
b5e7977d-fae7-46cb-8053-02c8063d411e,0.0,hard(p=0),False,False,False,False,True
f8dff8fe-a396-488b-bc58-6ae57f2cc3ef,1.0,easy(>.75),True,True,False,True,False
bc4b6ce4-3aeb-406e-9e0e-06297c2af364,0.125,.125-.25,False,False,False,False,False
03810ad5-4874-45e1-aed7-0494786cc97a,0.125,.125-.25,False,False,False,False,False
3853a4e3-3375-4c47-83b5-012bd16151b8,0.75,easy(>.75),True,True,True,True,True
581ef6f4-e643-4562-a650-4d42f7bd5898,0.375,.25-.5,False,True,True,True,True
66b42d2d-7f4f-40b0-8711-4f5027f9f284,0.875,easy(>.75),True,True,True,True,True
39393da5-7d6d-4022-b5c7-bb6d164d925b,0.125,.125-.25,False,False,True,False,False
12359933-f87b-4dd1-99c4-8aa838b60322,0.0,hard(p=0),False,False,False,False,False
12bc4ede-ce4a-4b52-8c24-01da62067e9a,0.0,hard(p=0),True,False,False,False,True
3e3e7c29-1518-4677-a366-cb158d04753a,0.125,.125-.25,False,False,True,False,False
8ea2ab90-509f-42eb-9fe7-0c2df4f34c29,0.0,hard(p=0),True,True,False,False,True
fe717e8f-83c4-4ccd-8f49-2e71d9b52b76,0.0,hard(p=0),False,False,False,False,True
8e611889-31ed-481b-8b70-186e5616b2ef,0.0,hard(p=0),False,False,False,False,False
b2565e50-c9d7-4d89-ad6c-9b45b5991743,0.0,hard(p=0),False,False,False,True,True
96777be7-393d-4b22-80a2-23867308f56a,0.125,.125-.25,False,False,False,False,False
8bf372f7-b87d-401c-9757-5016dc5c8fc5,0.0,hard(p=0),False,False,False,False,False
c4ebb328-5d32-4071-bfa3-71fa20afde1a,0.625,.5-.75,False,True,True,True,True
7226a746-2b4b-498a-b775-44136ac468a2,0.0,hard(p=0),False,False,False,False,False
65a0253b-3aa1-4ab2-998f-807ab79448d4,0.0,hard(p=0),False,False,False,False,False
f7c0ed4b-6b78-4c88-863d-74960f5df2a3,0.0,hard(p=0),False,False,False,False,False
a0036fe4-6fa5-47ff-8d2b-624ae3006a70,0.875,easy(>.75),True,True,True,True,False
610dd9a0-6a3b-48f3-bb55-684f78eaaffa,0.0,hard(p=0),False,False,False,False,False
99866edf-df57-4e7e-9bb5-b2fd2a1f87c7,0.375,.25-.5,True,True,True,True,True
4ed6e1ed-6a22-48a6-8341-3d7a8c55bf23,0.75,easy(>.75),True,False,False,False,True
b888b82f-c24e-4d74-b314-1cd5678e738f,0.0,hard(p=0),False,False,False,False,False
aaaa09ce-5710-4148-9e3c-c26cf946d931,0.375,.25-.5,False,False,True,False,False
fbf9d71d-e661-4ab2-9ea6-f32c2f714e09,0.0,hard(p=0),False,False,False,False,False
f8cc47b6-68ae-4706-9c11-52c9cdeedbee,0.875,easy(>.75),True,False,False,False,True
5f414a9a-7aab-4417-a43a-bcd8205dec29,0.125,.125-.25,False,False,False,False,False
d788fb56-d666-4b4d-bfa5-411df374d206,0.625,.5-.75,True,True,True,True,True
4cd58260-6eec-42c1-aa55-a8f83d34aebe,0.0,hard(p=0),False,False,False,False,False
2208df74-0664-4c5c-a17b-3bce471a6013,0.0,hard(p=0),False,False,False,False,True
605cfbae-7f6b-42fb-9079-116e0785d1ed,0.25,.25-.5,False,False,False,False,False
43dbeabf-188b-405c-a2a7-bf046244d2a4,0.25,.25-.5,True,True,True,True,True
9c7a1b12-f077-4294-98c6-bbb9c2df6166,0.125,.125-.25,False,True,True,False,False
15a8364b-85d0-402b-b84a-9e4bbbb4e0f9,0.375,.25-.5,True,True,True,True,True
532598e5-73ea-458d-9201-780eccd1dca9,0.0,hard(p=0),False,False,False,False,False
e37c9b88-27d0-4370-80f7-cdc28f1aa7d4,0.875,easy(>.75),True,True,True,False,False
72dd1479-2bdf-445e-9107-6601daa2819e,0.0,hard(p=0),False,False,False,False,False
f5af448e-6604-4589-a39d-154d274edce5,0.0,hard(p=0),False,False,False,False,False
9eb6f258-d2be-493c-afb8-e1bddc19f1d7,0.0,hard(p=0),False,False,False,False,False
46152872-81fc-4b83-8a45-7e9be5e066ac,0.5,.5-.75,False,True,True,True,False
535b00f5-436e-4aa9-8539-08ccc7d962e7,0.0,hard(p=0),False,False,False,False,False
47e96fde-145d-48ed-9e80-9a077067cc84,0.0,hard(p=0),False,False,False,False,False
28f048ac-bfce-4098-8f0a-bbb65e1eacaf,0.125,.125-.25,False,False,False,False,False
56e60e89-e40a-4950-849f-b8b970fd4882,0.375,.25-.5,False,True,True,True,True
9a90384c-df01-4cf3-9e41-a6c9b6450ac6,0.0,hard(p=0),False,False,False,False,False
e81537e1-236c-407d-adf4-37f952bb8e76,0.375,.25-.5,False,False,False,False,False
f861d087-6ea8-4012-88b8-4254d0f25a90,0.0,hard(p=0),False,False,False,False,False
7d27f8e7-a868-4630-add5-c20b826b0c42,0.125,.125-.25,False,True,True,False,False
3e43f67c-858e-498d-b8da-960960bc6875,0.75,easy(>.75),False,True,False,False,True
35eaba64-9c6f-417c-ae15-fc5dc274437b,0.0,hard(p=0),False,False,False,False,False
663d87a0-db1b-48b2-b563-f81bca9b5bf1,0.625,.5-.75,False,True,False,True,False
3ced7e9a-5e7c-4921-8c97-7562d86b4c92,0.125,.125-.25,False,True,False,False,True
17ba19e8-73fd-4772-abca-b0ded7847de5,0.0,hard(p=0),False,False,False,False,False
5585520b-e89c-4c8c-afdb-172b0137f0e2,0.0,hard(p=0),False,False,False,False,False
155382bb-298c-49c0-8eca-6fdf2a6a4cc1,0.0,hard(p=0),False,False,False,False,False
8bc92ba9-19e9-4171-a846-b23b769a2416,0.125,.125-.25,True,True,True,False,True
b2c73c51-efaa-4def-87d0-649eda173f33,0.0,hard(p=0),False,False,False,False,False
e0737a3d-1ce3-4447-85e9-faba50e4ddca,0.0,hard(p=0),False,False,False,False,False
77b78d84-9a58-486e-8d6a-e461bea1b9b4,0.0,hard(p=0),False,False,False,False,False
c67a46a6-a612-49f1-95b5-432975155f15,0.25,.25-.5,False,False,False,False,False
4fa0d1e0-239a-4541-839e-08bcd46f33a2,0.25,.25-.5,True,True,True,True,True
1754252a-b880-4460-a8b6-eded836343eb,0.0,hard(p=0),False,False,False,False,False
10454080-3cd6-4f74-9afe-fffe2fb06979,0.0,hard(p=0),False,False,True,False,False
e18034d9-3126-48d1-8d7b-143f47becb70,0.0,hard(p=0),False,False,False,False,False
6a1993ad-9863-48cb-924d-5552889ceb49,0.375,.25-.5,False,False,False,False,True
3ba530ed-3dfa-4943-a3bc-f66eb307746b,0.875,easy(>.75),True,True,False,True,True
500acf38-a4bf-4429-a2da-4013e716b329,0.0,hard(p=0),False,False,False,False,False
9cb8f262-6246-4e58-93e3-92668410eff2,0.875,easy(>.75),True,True,True,False,True
51efdc11-9e92-4b72-a64d-446618d1d238,0.25,.25-.5,False,False,False,False,False
19d26a23-7b75-4df6-8248-391d6d9e412d,0.0,hard(p=0),False,True,False,False,False
411b9a21-f7d4-46ac-9bbe-c02af61dcf5c,0.75,easy(>.75),False,True,True,True,True
11e15de3-1856-458b-9d47-87f80dc3c516,0.75,easy(>.75),False,True,False,False,False
0d34e918-c27b-4276-b864-c934d26d1806,0.0,hard(p=0),False,False,False,False,False
56a6e6e2-a71e-426b-aa52-ed9d21fabfce,0.125,.125-.25,False,False,False,False,False
3f386c13-2ceb-46d2-aca2-3d92fbf5dd9e,0.0,hard(p=0),False,False,False,False,False
dfca06c7-2354-42b4-a3e8-bd398fde2503,0.25,.25-.5,False,False,True,False,False
6dbfaff5-1a69-4170-b74d-c29728e3d0bb,0.0,hard(p=0),False,False,False,False,False
badcdb7b-8ad1-47b6-b078-f514f29ad644,0.25,.25-.5,False,False,False,False,False
dc269bd8-a8b0-49b3-9636-54379fd925d6,0.0,hard(p=0),False,False,False,False,False
1da1206b-3565-4bc2-b7a3-2bab47cdc22d,0.25,.25-.5,False,False,False,False,False
bd55ed9e-9840-415e-98a8-abc4462dde8d,0.75,easy(>.75),False,True,True,True,True
9f0ccdc2-dbfe-4467-a272-1a9e9229de92,0.0,hard(p=0),False,False,False,False,False
c5eb660a-6597-4fbc-bd0a-dd3f165e326a,0.0,hard(p=0),False,False,False,False,False
45df8fc0-698f-413e-ae44-e77cd12ad156,0.0,hard(p=0),False,False,False,False,False
94d914f3-99f6-48a8-b067-1e852be67ec1,0.125,.125-.25,True,False,False,True,False
af7e2875-be99-430d-b118-5225e6d575fa,0.0,hard(p=0),True,False,False,False,False
515edfea-6cd8-4d9a-8023-a80a56098ba0,0.5,.5-.75,True,True,False,False,False
78dbc2fa-2d95-47b7-8e68-4fe1c5f3339c,0.0,hard(p=0),False,False,False,False,False
b63b3231-0e86-4941-8664-efeaa5b3b732,0.0,hard(p=0),False,False,False,False,False
dce99ae0-063a-42a0-a26e-574437a8e5dc,0.0,hard(p=0),False,False,True,False,False
dd14e348-331e-4558-8973-56fdac123585,0.875,easy(>.75),False,False,False,False,False
29ae2e4e-631e-47b3-83fb-77cea98575be,0.125,.125-.25,False,False,False,False,False
b70548fc-38a6-4d56-8937-4343f74f734a,0.0,hard(p=0),False,True,False,False,False
6d86b726-6838-4c9b-ac1c-89f75ee56daf,0.0,hard(p=0),False,False,False,False,False
9a953b6d-8c7a-42b0-b6b7-770b36c74888,0.0,hard(p=0),False,False,False,False,False
4aec9727-61c8-43f8-957d-c3f1a2619f15,0.0,hard(p=0),False,False,False,False,False
cff25ab5-f227-4d26-b311-d04970bc31ce,0.0,hard(p=0),False,False,False,False,False
ab5fa0ca-49f6-4d31-9088-7b732a477575,0.0,hard(p=0),False,False,False,False,False
fb15b574-03ef-4b66-9345-23e1a56f9712,0.0,hard(p=0),False,False,False,True,True
cfe321e3-88f7-4a63-bdd0-697a15ab7915,0.875,easy(>.75),True,False,True,True,False
18ad988e-ae9f-4a4a-8413-c4fb9540e9ea,0.5,.5-.75,True,True,False,False,True
58e70240-af4d-44ac-bf58-a6023cdae96b,0.0,hard(p=0),False,False,False,False,False
a8662188-a038-4d8b-9fbe-1f43ebf47f75,0.0,hard(p=0),False,False,False,False,False
505b8b29-c2ba-4072-8b34-1000d7d3b5d2,0.0,hard(p=0),False,False,False,False,False
73a92850-6818-4397-af97-14910c217461,0.25,.25-.5,True,True,True,True,True
f480fd83-a360-49f6-abc0-5a09559bd7de,0.0,hard(p=0),False,False,False,False,False
2104e67f-6528-4763-9730-19166ba40ada,0.125,.125-.25,False,False,False,False,True
1cc49a67-d3b7-45d2-9637-edb76eb216db,0.875,easy(>.75),False,True,False,False,False
4f09b7ec-2217-4d3b-9fe2-7151381ae836,0.0,hard(p=0),False,False,False,False,False
2e2e37e6-e74c-4cba-ba8b-4139af4ab279,0.0,hard(p=0),False,False,False,False,False
fe485d25-e928-4098-9aef-995e26d8692e,0.25,.25-.5,False,False,False,False,False
27471804-3c37-43b3-a704-f503c414e2e5,0.0,hard(p=0),False,False,False,False,False
9acd4f36-6578-49f7-8854-81b46d4c8fb9,0.0,hard(p=0),False,False,False,False,False
5cfebaaa-68f9-4b61-a44e-1901534cbe3c,1.0,easy(>.75),True,True,True,True,True
3e7d49de-d2eb-4ac9-949d-1f1d6201ade8,0.375,.25-.5,True,True,False,False,False
4657ef40-9abd-4dfe-8229-df9a934f900c,0.0,hard(p=0),False,False,False,False,True
6ce83d8f-6a69-4645-a04c-bde0e6404deb,0.0,hard(p=0),False,False,False,False,False
99de6120-c1db-41fa-b701-a44bbe5bf25f,0.0,hard(p=0),False,False,False,False,False
5d0d82e9-1eb0-4488-b57d-18b35865cc1f,0.625,.5-.75,True,True,False,False,False
6a62f767-9e3d-4e7b-9b5f-58b31c1e6cc1,0.0,hard(p=0),False,False,False,False,False
f33e97fe-c339-440f-b2eb-4db12ac387dc,0.0,hard(p=0),False,False,False,False,False
784ee50f-a386-4a65-bd9d-58edbf1bc858,0.375,.25-.5,True,False,False,False,False
2f4d9757-9e7e-42ce-bba3-c89b3b47cb15,0.25,.25-.5,False,False,True,False,False
cc7bcbba-8f48-4973-845e-cf514dd94c40,0.0,hard(p=0),False,False,False,False,False
78916699-6bc2-469f-b1fe-616f6e0e8fee,0.0,hard(p=0),False,False,True,False,False
4fac3e29-6843-441a-8d50-3e32590977fb,0.0,hard(p=0),False,False,False,False,False
2934cb84-fa0a-4ce3-ab67-9891e91ef817,0.0,hard(p=0),False,False,False,False,False
f416deef-61b0-4f7d-8c92-d40001f73e94,0.75,easy(>.75),False,True,False,True,False
01109e3e-d9e4-4af6-8ce1-221a7b9b37ad,0.0,hard(p=0),False,False,False,False,False
45a96338-f6c2-4187-a320-5fa311f459ca,0.0,hard(p=0),False,False,False,False,False
1a55d72d-8688-4f1a-8eef-f4a87865fcdf,0.0,hard(p=0),False,False,False,False,False
558eebc7-deb0-4e92-8d96-3ad38a7a485c,0.625,.5-.75,False,True,True,True,True
17771ff8-6361-4e47-bf6e-565c519f657a,0.0,hard(p=0),False,False,False,False,False
51439734-6f6b-4a14-b340-43fdea56b95c,1.0,easy(>.75),True,False,True,True,True
d7c6211d-9b71-4f8c-b8dd-40a2684458cf,1.0,easy(>.75),True,True,True,True,True
d620215a-0db2-43cc-9fc5-4131daa32cc0,0.0,hard(p=0),False,False,False,False,False
c292c264-d4c7-44e0-83f4-dfab63c1ab92,0.125,.125-.25,True,False,False,False,False
18a8aa02-b619-4523-bf91-5ca3dd2160e0,0.25,.25-.5,False,False,False,False,False
c57107b3-1c3a-4a8f-bfd7-cebbaca0d877,0.375,.25-.5,True,True,True,True,False
02a6d4dc-77be-4721-8de2-928d538181da,0.5,.5-.75,False,True,True,True,True
5c69c40f-198a-4620-97bb-dc8a096a0e39,0.125,.125-.25,False,False,False,True,False
c56e2cf7-7793-46ad-923f-0dfbb766e89e,0.0,hard(p=0),False,False,True,False,False
d73ba4fd-fdbc-4b46-990a-5084f3b71821,0.25,.25-.5,True,False,True,True,True
f3d6f98d-644d-41da-b13a-c95fd9670da3,0.875,easy(>.75),False,True,True,True,True
1ff908a9-34c6-48b8-9dde-ff33b7d806b2,0.0,hard(p=0),True,True,False,False,False
de679487-5d67-46fd-a1b1-e0bf2bea123d,0.5,.5-.75,False,True,False,False,False
d1ec3fc0-9d61-45be-bb25-32bd027ed24a,0.375,.25-.5,False,False,False,False,False
f42f7435-42a0-4f76-9105-7a46c8bd6f12,0.25,.25-.5,True,True,False,True,False
8478d1c8-8d0c-4edb-8a19-3b9028ab67b3,0.25,.25-.5,True,True,False,False,True
b9d85a26-59fe-42e0-920a-331dc4b376d9,1.0,easy(>.75),False,True,False,True,True
7bb59298-223e-49f7-9658-e8b2e03b5d82,0.0,hard(p=0),False,False,False,False,False
d2ae44d9-2650-4941-a30e-66aaf675b161,0.875,easy(>.75),False,True,False,False,True
64bb5b47-9a97-4bf1-a348-25bc5232b76e,0.0,hard(p=0),False,False,False,False,False
7a6bfa23-5a34-4fc1-b2c8-71c01653db0c,0.125,.125-.25,False,True,False,False,False
e6543411-c59c-44a3-a600-a0424767bd70,0.0,hard(p=0),False,False,False,False,False
c9d19d27-6a15-4f23-9f87-c6db24a51dee,0.0,hard(p=0),False,False,False,False,False
53cc7a0e-a91d-441d-8fd5-d9d80a11204d,0.0,hard(p=0),False,True,True,True,True
a889d536-cf4a-47dd-9eb4-955f697d0ca6,1.0,easy(>.75),True,True,True,True,True
849e6a19-10b1-4770-b55f-77b55a9d2760,0.0,hard(p=0),False,False,False,False,False
86289c57-5eaa-4f05-9d57-ef7ec7f1cdb4,0.75,easy(>.75),True,True,False,False,True
708c8c55-6c1a-4ca0-af11-c24bd784f9ce,0.5,.5-.75,False,True,False,False,False
fdde2d18-5a7f-4209-8836-123375b95db0,0.0,hard(p=0),False,False,False,False,False
745967fb-3031-441f-bdf5-91a2984e8341,0.375,.25-.5,False,False,False,False,False
dc184d5f-25ca-4da2-bcde-f5a79ec0e4cf,0.0,hard(p=0),False,False,False,False,False
b51f0b45-4e8a-487d-b400-cd805add120d,0.25,.25-.5,False,False,True,False,True
dec2c211-c699-48f1-b46b-6a1df1c9500c,0.5,.5-.75,False,False,True,False,False
1227ca3b-a573-4680-be16-c1b1bec7e403,0.0,hard(p=0),False,False,False,False,False
0332021f-0487-4b0a-8022-08a8071c902a,0.0,hard(p=0),False,False,False,False,False
bb12de74-d5ec-4953-a624-353887210a78,0.0,hard(p=0),False,False,False,False,False
b0b703af-fd85-4b67-937b-d94a956bc287,0.0,hard(p=0),False,False,False,False,False
abb405f3-e4d4-4514-a215-764c5f3d28c7,0.0,hard(p=0),False,False,False,False,False
a81ccbc9-5d33-472e-8c2e-1c63adf3e393,0.625,.5-.75,True,True,True,True,True
86908508-ff8d-4c3b-890d-ae3ccc5e3e7c,0.875,easy(>.75),False,True,True,True,True
b4251aeb-9c42-4ca6-a888-824f759b61ec,0.875,easy(>.75),True,False,True,True,True
fb0aa0af-7625-422b-a4b9-97ed1db4e8f3,0.875,easy(>.75),False,False,False,False,False
6e21235e-2269-4542-9a8a-9bfed02140fe,0.0,hard(p=0),False,False,False,False,False
4378c3cd-cd34-4139-b7b9-52ec21a246c7,0.0,hard(p=0),False,False,False,False,False
964a6186-8e25-4ccb-8bd7-c8ffad9cfa11,0.0,hard(p=0),False,False,False,False,False
8bba544c-e669-4023-b8cc-fb756c42e3a2,0.875,easy(>.75),True,False,True,True,True
eac8876d-4456-4564-96ed-db06304ebc5e,0.0,hard(p=0),False,False,False,False,False
26124067-785a-4b32-b37f-2f76d102be9e,0.125,.125-.25,False,False,False,False,False
bf51c176-299e-48b5-8912-08ee6be6104b,1.0,easy(>.75),True,True,True,True,False
e4c98f27-6ffa-4959-8f96-56eb40f04d5f,0.375,.25-.5,False,False,False,False,False
f4dc33d1-dcb9-41dc-b1b1-340a47b2ed83,0.5,.5-.75,False,False,True,False,False
602690b8-58c0-479b-9648-2d47efe768ca,0.375,.25-.5,False,False,False,False,True
25fdcf48-304f-4ebb-ac99-757c1b9170c1,0.0,hard(p=0),False,False,True,False,True
a60d7f8f-2f5a-4c46-811e-495494358ddf,0.0,hard(p=0),False,False,False,False,False
2c6a87b5-fcbf-41df-b542-29e43f62f9e4,1.0,easy(>.75),True,True,True,True,True
4ab7bb06-89d8-45ed-8238-eb54cb9e2294,0.0,hard(p=0),False,False,False,False,False
5fc38948-2124-409d-92ce-5174a94bf421,0.5,.5-.75,False,True,False,False,False
29874818-92ad-485c-b651-2893f0b6c588,0.0,hard(p=0),False,False,False,False,False
3f8af685-d342-4529-bf12-a9a5d3d0f86d,0.125,.125-.25,True,True,True,True,True
7cd9f6a5-11da-4cfb-b1a2-97fbeb7d9251,0.0,hard(p=0),False,False,False,False,False
24ab796b-95f3-4855-b642-4d60d953be90,0.0,hard(p=0),False,False,False,False,False
a125694f-6fa7-4f26-a6d2-494bd7ca6cff,0.125,.125-.25,False,False,False,False,False
b149777a-d6b4-4af7-9473-cbfcd353163b,0.0,hard(p=0),False,True,False,True,False
3d4bc49e-2c81-4d96-9e25-4a4bf0428658,0.0,hard(p=0),True,False,True,False,False
c8c4667b-70e3-4d1c-9bdd-f81934138bd9,0.875,easy(>.75),True,True,False,True,True
57a9956b-3a96-435f-a599-fa15c08e7189,0.0,hard(p=0),False,False,False,False,False
062ca0e0-bda9-4b0b-ab46-b0529207261f,0.0,hard(p=0),False,False,False,False,False
f4bbba0b-1f84-4b9b-be40-79cda066df3d,0.0,hard(p=0),True,True,True,True,True
727158ed-aec4-4bef-a014-c006c3964b3a,0.25,.25-.5,False,False,False,False,False
38c2111c-f94d-4717-a26c-a2548fbb8158,0.125,.125-.25,False,False,False,False,False
615e7aa8-b0ce-412c-a708-f0e884d29591,0.25,.25-.5,False,False,False,False,False
81f72aed-f229-44be-9cce-7b013c4a509e,0.0,hard(p=0),False,False,False,False,False
94bde7e4-cf1f-4506-8b80-389959cadf11,0.125,.125-.25,False,True,False,False,False
60a21f32-93ef-4019-9ad7-94b79ef08e43,0.0,hard(p=0),False,False,False,False,False
b5681218-4dcd-4a97-97df-495f1e0de034,0.0,hard(p=0),False,False,False,False,False
a8d62cdc-f0e8-44dc-9614-9fc042ffe036,0.125,.125-.25,True,True,False,True,True
c3939994-996c-48cd-81d8-4245999eff30,0.0,hard(p=0),True,True,False,True,False
72c5db7c-757d-4ea8-b53e-e2f273071006,0.625,.5-.75,True,True,True,True,True
6a9910b6-0d1a-44ae-99ee-69834736a143,0.5,.5-.75,False,True,True,False,True
d7005fa9-7dc3-4a6b-8a7c-956ddec41b73,0.125,.125-.25,False,False,False,False,False
a936380f-cb50-4c0a-bf10-ee9fe441c878,0.0,hard(p=0),False,False,False,False,False
434f18e9-435d-410c-b770-66eef5181c31,0.5,.5-.75,True,True,True,True,True
ce0cdcb0-24da-4f19-b9bf-b669be83b4bf,0.125,.125-.25,True,False,True,False,False
64a27e7e-31c9-4c3e-9592-ce15a5929227,0.0,hard(p=0),False,False,False,False,True
5df259da-76a0-4c4c-b568-88b29e734535,0.125,.125-.25,True,False,True,False,False
031474ac-1c72-4a45-8a12-079baed26b39,0.0,hard(p=0),False,False,False,False,False
26f22743-2de1-4aa4-afd1-b89f0ee28e6e,0.125,.125-.25,True,True,False,False,False
e95dd307-20ff-4ca1-8012-d197a85c7fe9,0.0,hard(p=0),False,True,True,True,True
f233c131-de52-4a0c-84dc-7316a2aff5de,0.0,hard(p=0),False,False,False,False,False
b2ce0b43-fc47-455a-9eff-4230cdfe63ad,0.125,.125-.25,False,False,False,True,False
f1a08743-07bb-4150-b218-4429b450ab6d,0.0,hard(p=0),False,False,False,False,False
bc2112e5-92cc-4dd8-aa37-cdf0f41a2d2e,0.0,hard(p=0),False,False,False,False,False
0f6bd92d-be15-4452-b11b-1dd98c7b2e4f,0.0,hard(p=0),False,False,False,False,False
fc7dfe43-166e-4a12-8202-290efe1e53b1,0.0,hard(p=0),False,False,False,False,False
2fa35708-19ed-42a1-9f04-d3ef3eca9359,0.375,.25-.5,False,True,True,True,True
a059e68f-e207-4b2c-af08-573f33ccf559,0.25,.25-.5,False,False,False,True,False
6631a34f-d08d-4f77-9282-6bc5fef57745,0.25,.25-.5,False,False,False,False,False
40d62269-a935-4993-b743-991b683ec4c4,0.125,.125-.25,False,True,False,False,False
03ae8a31-6c6b-4541-890b-7ab03fc48684,1.0,easy(>.75),True,True,True,True,True
cc7c4c4f-7752-48ab-9190-c83345064f96,0.0,hard(p=0),False,False,False,False,False
e378d97c-b7e6-4c23-b34f-f666b463c11b,0.0,hard(p=0),False,False,False,False,False
e85460f7-8826-4682-b99d-0c5b1f3332c9,0.0,hard(p=0),False,False,False,False,False
a886d611-1830-4452-ad7c-0ab5460f36b4,0.25,.25-.5,True,True,True,True,True
5d21ea89-7190-4dc8-b6c2-540ec349219b,0.375,.25-.5,False,False,False,True,True
7bed931b-7d6a-44df-873d-813516266de6,0.0,hard(p=0),False,False,False,False,False
a57c7be5-07ff-48ef-b11c-576b968ba3e4,0.125,.125-.25,False,False,False,False,False
5b3f9e18-0278-4ade-ba91-f2c40b1207b3,0.0,hard(p=0),False,False,False,False,True
7c315521-3c9f-4b5e-8da4-0f03c5765cba,0.375,.25-.5,False,False,True,False,False
bead8f6e-43ba-4313-8ba0-4762b3a946ad,0.0,hard(p=0),False,False,False,False,False
190bc9ce-b4dc-4632-b65f-ad5e35045b60,0.375,.25-.5,False,False,False,False,False
040445a0-34b5-4402-88ae-195252fdd1e9,0.125,.125-.25,False,False,False,False,False
153bee40-ebb5-43a8-9fbd-f312071e37a2,0.0,hard(p=0),False,False,False,False,False
563bbce8-4152-425f-82aa-8f557c8a9d36,0.0,hard(p=0),False,False,False,False,False
cb08fad6-f3ea-48b3-b679-58a2f164a786,0.25,.25-.5,False,True,False,False,True
35267123-db81-478c-9fbe-ab57437d73f1,1.0,easy(>.75),False,True,True,True,True
6a32bb9f-0051-4021-803a-52106f3fd173,0.125,.125-.25,False,True,False,False,False
4ffd40ca-d7c6-4c40-8654-e1cf43cd7076,0.0,hard(p=0),False,False,False,False,False
cfebae23-1716-48aa-a1e2-bcaa2a10f0ab,0.0,hard(p=0),False,False,False,False,False
8bfb57f4-8190-4b9a-bd65-a493d9fd407a,0.125,.125-.25,False,False,False,False,False
f1a2fd5e-f063-47e7-ba0a-9865ac7678f5,0.25,.25-.5,True,True,False,False,False
e518a2e9-3061-4631-85d1-aa07b25289c0,0.0,hard(p=0),False,False,False,False,False
2934a436-e4f5-43ce-a1ef-d8081f940983,0.0,hard(p=0),False,False,False,False,False
34692ca5-a8bf-4640-b688-fd12ae14b2a1,0.125,.125-.25,False,True,False,False,False
f8f601b9-3faa-4535-b9fc-d87ab93e167e,0.375,.25-.5,False,False,False,False,False
6f87895c-7234-440a-9718-4c12506d3bb2,0.0,hard(p=0),False,False,False,False,True
84501b44-688d-4518-be16-d188f0a0e8d3,0.25,.25-.5,True,True,False,True,False
a412ac94-b1a4-4e43-a7db-a1b46e109b5e,0.125,.125-.25,False,False,True,False,False
34d12d8d-4f52-480c-bea8-c0fce73e52ee,0.125,.125-.25,False,False,False,False,False
9898df30-2a7e-437b-b10f-a74b2c38d1b5,0.25,.25-.5,False,False,False,True,True
1e548130-2a28-498e-ad17-7a2bf5582506,0.25,.25-.5,True,True,True,False,True
b74ca996-cd80-44f0-b3d6-2cc1657e2de9,0.0,hard(p=0),False,False,False,False,False
839ebe54-faa2-45b3-8009-9f9206d30cc5,0.25,.25-.5,False,False,False,False,False
b02df460-a3c7-43b4-9262-f11182469809,0.0,hard(p=0),False,False,False,False,False
beb0b458-c9e8-40df-accb-396495edf5a2,0.0,hard(p=0),False,False,False,True,False
0406f867-30f1-4904-a732-4f0f7890ab09,0.0,hard(p=0),False,False,False,False,False
87277ebd-ad46-40f6-b832-b9d13448cc67,0.0,hard(p=0),False,False,False,False,False
6f0fdfbf-e1bc-41ec-9ea1-ff5ffdb74566,0.0,hard(p=0),False,False,False,False,False
79947f8d-a77d-456b-9036-0de59f04c39b,0.25,.25-.5,False,False,True,True,True
139cf27b-58b5-4451-a38a-b01f1483d54e,0.0,hard(p=0),False,False,False,False,False
3e2ab78b-1e70-47fb-98d0-4bdc2d308518,0.0,hard(p=0),False,False,False,False,False
f1511e6c-c07a-4daf-8a57-555247d20835,0.125,.125-.25,False,False,True,False,False
1a39b1dd-0f3e-48b0-b096-0e5da0a25824,0.125,.125-.25,False,False,False,False,False
f055f549-0da8-452b-a28f-ddaa5297ecf4,0.0,hard(p=0),False,False,False,False,False
444dee5d-22eb-40b0-ba5d-e731aeedea11,0.0,hard(p=0),False,False,False,True,False
cf6611e1-ca45-4b15-b7dd-9876e29d137d,0.0,hard(p=0),False,False,False,False,False
63354242-3ffc-4940-b994-60428a92c426,0.0,hard(p=0),False,False,False,False,False
58eeea7a-710e-48d1-a83b-7c6b9e95e8d6,0.5,.5-.75,True,False,False,False,False
ae6c0bfb-0610-4d5a-8682-f322789d94ce,0.0,hard(p=0),False,False,False,False,False
0f489da4-752f-4af4-984a-821f2a18d78d,0.0,hard(p=0),False,False,False,False,False
7dc5c2f1-88fc-4a89-be48-ca10dade41f2,0.25,.25-.5,False,False,False,False,True
caf7e42e-d77d-4c7f-8bb4-0409ba7155b3,0.0,hard(p=0),False,False,False,False,False
e8133032-054e-42bf-b65c-1366fa0208f6,0.0,hard(p=0),False,False,False,False,True
c1715afc-b92b-4747-ad2d-774aa168e5cc,0.0,hard(p=0),False,False,False,False,False
b2a07802-6e9a-441d-9a79-222299470be0,1.0,easy(>.75),True,True,True,True,True
8e9bca9c-860a-4d54-be0c-948fd7b5900c,0.0,hard(p=0),False,False,False,False,False
6d208f3f-65e3-4fe7-b52d-12e2b0f34fbd,0.25,.25-.5,True,True,False,True,True
87c0ec46-69d8-4649-97c4-c131c32f550d,0.375,.25-.5,False,False,False,False,False
0e26b888-565f-422a-b829-113a466322db,0.0,hard(p=0),False,False,False,False,False
35440e5c-8e53-4054-8b63-ac74be56c16e,0.875,easy(>.75),True,True,True,True,True
af9bae53-e3a2-4dd0-ba83-7512462d7f8e,0.0,hard(p=0),False,False,False,False,False
92adf04f-660e-475c-bc73-42570ec54257,0.0,hard(p=0),False,False,False,False,False
bca6c55c-acd7-4be0-bf3b-e86339beaa75,0.0,hard(p=0),False,False,False,False,False
0e6688cd-4ad2-4370-9ba4-894a5c398a30,0.0,hard(p=0),False,False,False,False,False
61b6424a-23fb-45a8-9b03-d57d10ad1b36,0.25,.25-.5,True,True,False,False,False
451be4fb-4e24-49e0-9329-cfd0cf4d5ed2,0.0,hard(p=0),True,False,False,False,True
8f2caac4-87b7-4f30-85ed-0dc4dfab054a,0.5,.5-.75,False,False,True,True,True
a7a1e20b-8b7b-4bfd-bf23-72d41306ac8e,0.875,easy(>.75),False,True,True,True,False
5f46b780-ce74-41a0-80aa-c17a1c6aa224,0.0,hard(p=0),False,False,False,False,False
4b2bd429-a90a-417c-8067-c6662a8368fe,0.75,easy(>.75),True,True,True,True,True
915f4c88-75f2-45eb-98e1-7cab73296161,0.0,hard(p=0),False,False,False,False,False
4712705f-341d-4cad-a675-7644adcad7dd,0.75,easy(>.75),False,False,False,False,False
754e0f31-18a0-4023-841c-804cb746ef0d,0.0,hard(p=0),False,False,True,False,False
0eae7d97-cf06-4223-b3fe-7c992935b0bc,0.125,.125-.25,False,False,False,False,False
f9f680bd-e195-4874-96df-22e0a6a2116a,0.0,hard(p=0),False,False,False,False,False
22f5b8aa-8420-4f39-8dc2-101111904790,0.5,.5-.75,False,True,True,True,True
f95d62f4-d893-4c69-a6d6-71790721368f,0.0,hard(p=0),False,False,False,False,False
066b3b44-8e1a-4183-ae51-e48f4d9045d0,0.25,.25-.5,True,True,True,True,False
e30e8fe9-2b34-4c3d-83c2-20ee2cb7bf1d,0.25,.25-.5,False,True,False,True,False
7d2ccad8-9af1-4fba-8562-71c97c5e2f5c,0.375,.25-.5,False,False,False,True,False
b2e73e19-d97e-4d3c-b27f-73de20e8efba,0.0,hard(p=0),False,False,False,False,False
16fbb61d-de67-4b1d-8343-86384409857e,0.0,hard(p=0),False,False,False,False,False
ca5d3a2a-12a6-4edc-9d64-840cd2c6cf70,0.0,hard(p=0),False,False,False,False,False
204a4fcc-55f3-4a5d-92fe-af2a8ccb2758,0.0,hard(p=0),False,False,False,False,False
a41d9b64-379e-4aa6-b586-5b282d3ef1e2,0.0,hard(p=0),False,False,False,False,False
d86aa52e-e183-470a-90f2-5aedee2de34b,0.625,.5-.75,True,True,False,False,True
c05c26ac-2ce3-425a-be9f-37060f3a9dd2,0.5,.5-.75,True,True,True,True,True
84d7676e-1410-42d1-a009-8a481fa2eaf5,0.375,.25-.5,False,False,False,False,False
b827d78b-910f-4e7b-9c68-5dd2882d0411,0.0,hard(p=0),False,False,False,False,False
c7f6438d-ff41-45db-90dc-abbc7ca85ca3,0.0,hard(p=0),False,False,False,False,False
0536bf0f-8fb0-43f3-964a-0e0e0bcfb2c9,0.25,.25-.5,False,True,False,True,True
1f7f8747-2ff2-4063-851c-d09051404520,0.0,hard(p=0),False,True,False,True,False
6de15cbc-023d-4ba9-b8d4-1eed6ae9edf1,0.0,hard(p=0),False,False,False,False,False
d038a3df-4653-489c-a22f-7637db61620d,1.0,easy(>.75),True,False,True,True,True
d362e7fc-70e0-4b73-8876-335e825a6ba6,1.0,easy(>.75),False,False,False,False,True
1bfbfe24-e338-48a8-87fe-6dfb977bbfbb,0.125,.125-.25,True,False,True,False,False
0b8f7ddd-0f39-435e-9a4f-4f0d57e41e07,0.375,.25-.5,True,False,False,True,True
1ebaf458-97e0-486d-9851-b1caa13e189c,0.0,hard(p=0),False,False,False,False,False
f9e13b55-d930-4454-821a-11fa199c753e,0.625,.5-.75,True,True,True,False,False
de8f4100-2498-4bd8-846c-04eb1536a89e,0.875,easy(>.75),False,False,True,True,True
12d2001b-105a-4692-bcb2-639591f68bca,0.25,.25-.5,False,False,False,False,True
b64eda11-4b46-4474-90c6-bfa2ad3fa7b6,0.0,hard(p=0),False,False,False,False,False
b20878f8-2276-4061-82c3-9daf33da50aa,0.0,hard(p=0),False,False,False,False,False
02147691-15c3-4a7a-94db-3ed7e776a476,0.0,hard(p=0),False,False,False,False,False
e0c9c461-e410-4e96-a857-d3ba2017235f,0.5,.5-.75,True,False,False,False,True
9d15fd8d-297e-4aa0-a240-4343c606f895,0.375,.25-.5,False,False,True,False,False
bfa293dc-88a6-4a9b-a02c-0e63bbbc5f2d,0.0,hard(p=0),False,False,True,False,False
6247a865-74d6-4a61-ab2e-14de9fbb1019,0.0,hard(p=0),False,False,False,False,False
b09fcc84-e57e-4561-8c20-eeb4ffdce7ac,0.875,easy(>.75),True,True,True,False,False
7c13ef68-4bb9-481b-91b2-e527df33cb50,0.0,hard(p=0),False,False,False,False,False
f65ed4c2-b5a3-42d1-b137-b07f0972c84a,1.0,easy(>.75),False,True,True,True,False
fbd36f8f-5a52-4d3c-be2a-c7c29ba71841,0.75,easy(>.75),True,True,True,False,True
0c0d0cb9-d069-4b7b-9a4a-4ad69a7c97cf,0.0,hard(p=0),False,False,False,False,False
b3b4a756-f552-4176-85e8-eee143e97565,0.0,hard(p=0),False,False,False,False,False
8684569d-ee95-4f32-bb8b-97cb350e65c7,0.0,hard(p=0),False,False,False,False,False
33c6f1b5-1a16-4c52-936f-78af0193e5b1,0.5,.5-.75,True,True,True,False,True
dcaea1c3-1171-4e67-8abc-8ee0459470d9,0.5,.5-.75,True,True,False,True,True
837399cf-67d9-4a3b-8b70-3dd641d129a6,0.0,hard(p=0),False,False,False,False,False
c8621c82-f0c5-42a8-946e-c06fd150a4c9,0.25,.25-.5,False,False,False,False,False
c9c739ad-5145-40f1-84ae-15d8d743ea76,0.5,.5-.75,False,False,False,True,True
adfae646-fa3f-40ce-93c8-eb68fd7ed4f0,0.0,hard(p=0),False,False,False,False,False
938a0114-ebd7-4dd1-99f1-3056d4808d49,0.25,.25-.5,False,True,True,False,False
c2405fd1-3f39-4f00-85fb-c8b47f84f68b,0.0,hard(p=0),False,False,False,False,False
4f34f1b5-6104-4c58-87b7-2347d48cef33,0.0,hard(p=0),False,False,False,False,False
d697308b-6152-468a-a86e-24702246842d,0.25,.25-.5,False,False,False,False,False
d69cbd9e-c2dd-4c11-bcf3-ddf625253621,0.0,hard(p=0),False,False,False,False,False
7ae0c988-0ec7-4ac6-8069-f870cd013221,0.0,hard(p=0),False,False,False,False,False
f8211c75-87f8-4d0d-b6d4-7a0f90492189,0.0,hard(p=0),False,False,False,False,False
89a98935-8b34-4988-b1d8-e0a5e8703fbf,0.25,.25-.5,False,False,False,False,False
e4e7d672-7027-4c50-b134-d31129798480,0.625,.5-.75,False,True,True,True,True
77a83369-9b69-4d41-ad64-229402af0726,0.25,.25-.5,False,False,False,False,False
f7d3337b-3c8e-47d7-b9e8-0b636739a75e,0.75,easy(>.75),False,False,True,False,True
6c449acc-54cc-423f-aa4c-6abbceba0091,0.75,easy(>.75),True,True,True,True,True
1b525171-85e8-4695-823b-7de7e77fc597,0.0,hard(p=0),False,False,False,False,False
3a2fd3a7-ef22-4304-80a3-e8a82f49a114,0.125,.125-.25,True,False,False,False,False
53d5c605-610b-45bf-a69c-3fcdb39270c6,0.0,hard(p=0),False,False,False,False,False
752dcfd9-797a-4b35-9d8c-8f5290e83af8,0.0,hard(p=0),False,False,False,False,False
460ab09a-0128-470b-b720-83727efa5c69,0.125,.125-.25,False,False,False,False,False
63d06802-3eda-4c2b-aaf7-a1d2fd826dcc,1.0,easy(>.75),True,True,True,True,True
e6cd1041-abe0-455b-8d3a-38e4e2945efd,0.75,easy(>.75),True,True,False,True,True
1563e5c0-11f5-4a9e-ad42-a695611fe1e9,0.125,.125-.25,False,False,False,True,False
1408944b-9df8-4052-88af-860e3107ff40,0.375,.25-.5,False,False,False,True,False
9685c914-83a4-49d9-8238-3ddf3aeecbae,0.0,hard(p=0),False,False,False,False,False
fbbdabf3-3124-4398-93fe-2fe51dcc0b47,0.0,hard(p=0),False,False,False,False,False
be2e0fd5-d5d4-499f-8593-04b981e8b26f,0.875,easy(>.75),True,True,True,True,False
3645e1ea-8ea5-4f65-ba43-f3081d9d7a44,0.0,hard(p=0),False,False,False,False,False
aab90ea9-5e07-4e87-8008-6cdf0554c6a2,0.0,hard(p=0),False,False,False,False,False
7ebe7cc2-48e2-496a-91cc-0d9d8b1bb336,0.0,hard(p=0),False,False,False,False,False
fae1e93f-1a85-4c98-a3b4-929c9b29d10f,0.125,.125-.25,False,True,False,False,False
464f29a4-8faf-40f1-ae19-ebe3c61ddba6,0.625,.5-.75,True,True,True,True,True
1fc5ab01-1205-46de-b907-1e737385bc00,0.0,hard(p=0),False,False,False,False,False
a34fd528-f069-4e90-8026-b50273ef68a7,0.625,.5-.75,True,False,True,True,True
a584cc6e-d462-436d-ba26-54afecd07936,0.125,.125-.25,False,False,False,False,False
1967755f-f45e-4cf4-8ebc-6891829d54ed,0.625,.5-.75,True,True,True,True,True
fd5ed13b-ed0b-481d-97eb-e291d887fc5b,0.375,.25-.5,False,False,False,False,False
5f581da6-99db-485b-8bc1-f041524d4d09,0.5,.5-.75,True,False,True,False,True
14119d62-b05a-495f-b05f-6f3d9b94d3ce,0.875,easy(>.75),True,True,True,True,True
69ff1fc4-e1ae-4afd-abeb-da740b50d673,0.5,.5-.75,False,False,False,False,True
c1d7049f-1747-41cf-bec8-331b8eae9225,0.125,.125-.25,False,False,True,True,False
31254b11-4ecf-465f-9789-8b41cdc4cf7e,0.0,hard(p=0),False,False,False,False,False
747bba32-4809-46fd-a625-9bf95895d2c3,0.25,.25-.5,False,True,True,True,True
4b79b1f9-b530-464b-968e-47ee81e6940a,0.0,hard(p=0),False,False,False,False,False
6f2c4c6c-58af-48eb-8e4d-724f9b9e0f41,0.125,.125-.25,False,False,False,False,False
13f4fbae-e893-4ee3-b276-6a76cc8e7d2b,0.625,.5-.75,False,True,False,False,True
b6b852e5-c2a7-45a7-adf9-f09f9361a869,0.0,hard(p=0),False,False,False,False,False
cdb366de-7283-4f5e-b79d-5f853f7cf542,0.0,hard(p=0),False,False,True,False,False
75859768-952c-4023-a651-8cc4d178c923,0.375,.25-.5,False,False,True,True,True
ae8b1600-0adb-46d2-9a2d-76407eb33a8d,0.0,hard(p=0),False,False,False,False,False
494a2ac3-d568-45ad-bb2f-1f9e77a25a83,0.0,hard(p=0),False,False,False,False,False
6cf8100b-34f9-45c7-9623-d58ebe3d1c1f,0.0,hard(p=0),False,False,False,False,False
654ae445-c504-45d6-a9ad-a493bad179e3,0.5,.5-.75,False,False,True,True,False
d4da8d54-b6c9-4307-8ddf-8c77415e7ed7,0.125,.125-.25,True,True,False,False,False
261afdbc-8745-49f3-b818-6174a5b25af7,0.0,hard(p=0),False,True,False,False,False
188cf5b1-f3fa-4d93-b882-f018594f2d0f,0.0,hard(p=0),False,False,False,False,False
8907183d-65bc-4805-b30c-debe0e992445,0.0,hard(p=0),False,False,False,False,False
610b004a-9008-487b-a99a-502df670c7b7,0.0,hard(p=0),False,False,False,False,False
c4581add-5f78-4b7c-ba64-2d0f847310c8,0.375,.25-.5,False,True,False,False,False
89967079-a82b-4cd8-aebb-100d14c2ebb5,0.0,hard(p=0),False,False,False,False,False
010a5338-0919-4f46-b66a-9e13d63eaf32,0.0,hard(p=0),False,False,False,False,False
a8d27dd4-f4e8-491b-a991-e115a78a6e6f,0.0,hard(p=0),False,False,False,False,False
d9e43a07-5493-4eff-a595-5aa1edbefad3,0.125,.125-.25,False,False,False,False,False
799a95b5-1a83-4274-b8f8-ca59ca2af63e,0.625,.5-.75,True,True,True,False,False
4e05fec1-6d1e-405b-ba23-89e399e9ee67,0.125,.125-.25,True,False,False,False,True
55d936a0-b5c4-4873-9629-cb06812cb30b,0.25,.25-.5,True,True,False,False,True
0da468b7-11a9-40a8-b3ed-34fbb7d3b11d,0.0,hard(p=0),False,False,False,False,False
abfd4127-b32e-4436-aea2-1fec8c192e18,0.0,hard(p=0),False,False,False,False,False
2e6b09d5-3298-4c76-afd0-4f774d1fb2d3,0.375,.25-.5,False,False,False,False,False
c2cc0035-5e34-4cd5-9286-19bbd6c5c357,0.0,hard(p=0),False,False,False,False,False
4c382b57-b2cc-4075-9046-66341bfaa464,0.0,hard(p=0),False,False,False,False,False
10d9b709-b341-4c14-ab5f-2a05c2b57682,0.0,hard(p=0),False,False,False,False,False
0f5fa4c9-43c3-4ecf-aee6-f6de75614bdd,0.125,.125-.25,False,True,False,False,False
32b82e66-ab32-4769-aab6-2177b55d770c,0.125,.125-.25,False,True,True,True,False
26c828f0-f27e-453e-98af-43377266b479,0.125,.125-.25,False,False,False,False,False
898a9578-36af-46b9-a62d-57f482d89bdc,0.25,.25-.5,False,True,True,False,False
1b3e7785-a8e0-4dce-a28e-414fa260db41,0.0,hard(p=0),False,False,False,False,False
2dd39737-264f-41c4-b751-70317f3b8d5d,0.0,hard(p=0),False,False,False,True,True
53a3c1af-74a7-415e-b091-88717ea38764,0.375,.25-.5,True,True,True,True,True
86522992-fd16-4dd5-a2a5-3bb7ad3e5984,0.0,hard(p=0),False,True,False,False,False
d8c08d50-0be3-462a-89a4-bf7021979f79,0.875,easy(>.75),True,True,True,True,True
6e4208f9-6979-4e1f-9cb1-3f7cfaab355a,0.0,hard(p=0),False,False,False,False,False
05dbb35a-03ca-42e3-bb1d-5dc3d6b170d1,0.0,hard(p=0),False,False,False,False,False
085231ce-6743-4450-bdd0-38f5f364c4c9,0.0,hard(p=0),False,False,False,False,False
af338be3-e9b1-4036-8519-1a6da67ec7bf,0.125,.125-.25,True,True,False,True,False
2dd26053-d481-45c6-a1a8-54b819aaf942,0.125,.125-.25,True,False,False,False,False
f1d7b022-7bf6-4df4-9e37-17c92b88da57,0.125,.125-.25,True,True,True,True,True
a78841df-fc00-4b85-b0d7-c4e5d66703cb,0.0,hard(p=0),False,False,False,False,False
2c6b4a83-915d-4558-bafc-6283eb2e48f6,0.25,.25-.5,True,False,True,True,True
186c94eb-3f6a-43b1-b2a4-f7dec58b7318,0.25,.25-.5,True,False,False,False,False
14d2ecba-9ab7-46ce-bdd9-c4545c12a6c0,0.125,.125-.25,False,False,False,False,False
7f4354af-cad7-48ee-b016-8cbd61f6a1c5,0.875,easy(>.75),True,True,True,True,True
e0d4134f-9b1b-461c-842a-eca92890da5d,0.125,.125-.25,False,False,False,False,True
5abec22b-dc9c-41ab-85f1-320e1e8da297,0.0,hard(p=0),False,False,True,False,False
aea61081-cbf4-4b1e-abdf-210df92ba535,0.0,hard(p=0),False,False,False,False,False
570ec98e-7452-46a1-a405-3abb97ec15b6,0.0,hard(p=0),False,False,False,False,False
60e9c809-a5fc-406a-b83c-43594c167340,0.0,hard(p=0),False,False,False,False,False
84e019b2-a752-4e55-93b4-e6579ddd5a48,0.0,hard(p=0),False,False,False,False,False
9bc50ab0-dc55-4f3b-85ba-26daf099c2ce,0.0,hard(p=0),False,False,False,False,False
01f6ec5f-8677-4b90-8814-23719b1bed8f,0.5,.5-.75,False,True,False,False,False
84292931-a1e2-4ecb-9b81-9ff79d060a90,0.0,hard(p=0),False,False,False,False,False
8694a00a-c755-4c1d-915f-458d955cf1d8,0.0,hard(p=0),False,False,False,False,False
43250062-84fd-4fd3-9bdb-c3ce6dc54ce7,0.0,hard(p=0),False,False,False,False,False
6ae72f24-2047-44ef-befc-08c237039098,0.125,.125-.25,False,False,False,False,False
06645011-e7b3-4115-8363-f721861f2eee,0.0,hard(p=0),False,False,False,False,False
aa9c43a8-cafd-4909-917c-d59e3361b3d2,0.125,.125-.25,False,True,True,True,True
bdcb50c2-6208-4137-b218-e311fad2e41c,0.0,hard(p=0),False,False,False,False,False
29b74618-7dbd-443b-bfe2-7c6265e7476c,0.0,hard(p=0),False,False,False,False,False
a2d7437b-2311-48a0-9690-75fcbeaf877d,0.75,easy(>.75),True,True,False,True,True
92579520-e2f1-44a2-bbdc-24f026e28258,0.875,easy(>.75),True,True,True,True,True
23cb435a-dcce-475c-8bd0-aae8f9ecab81,0.125,.125-.25,False,False,False,False,False
b74bb499-d609-4d1c-8b22-79c70e51f110,0.0,hard(p=0),False,False,False,False,False
3381808b-fb0e-4d7d-a42f-1da3561e2f2d,0.25,.25-.5,True,True,True,True,True
097c172a-bf70-4daa-b843-3c9670effec0,0.25,.25-.5,True,False,True,True,True
655e1854-5357-4544-bc38-543be007e230,0.0,hard(p=0),False,False,False,False,False
7215180b-759e-41e9-a371-81c0c16a3ce2,0.0,hard(p=0),True,False,False,False,False
4ce5b9e9-5725-4832-9fa5-409b7bb4f2fa,0.0,hard(p=0),True,False,False,False,False
ae8cd967-0b0b-4669-a738-dc6b519785f4,0.125,.125-.25,False,False,False,False,True
b09321ad-4ece-45f1-b6c7-9fd1c0e5096e,0.0,hard(p=0),False,False,False,False,False
e7a61ced-64b0-4a76-bc3c-4bcc885f573b,0.125,.125-.25,False,False,False,False,False
2bd568c6-1386-444b-9aa6-90c3dd1e56f2,0.75,easy(>.75),True,True,True,True,False
90fbcb0f-ea3d-4426-8732-2018d168235d,0.5,.5-.75,True,True,True,False,True
40e70c73-4554-49b6-a736-8985cdb9373e,0.75,easy(>.75),True,True,True,True,True
94665fbe-83ae-485b-9cf7-4a1b88efb3aa,0.125,.125-.25,True,True,False,True,True
3a720792-4ecc-47a0-bfad-34bdaa2c0b40,0.75,easy(>.75),True,True,False,True,False
582d6998-7e61-4367-8d0a-f8ab128107cc,0.0,hard(p=0),False,False,False,False,False
ad91c12f-9483-4191-871a-ef642b619838,0.875,easy(>.75),False,True,False,False,True
263dd033-d636-4c26-b6b8-396519113929,0.0,hard(p=0),False,False,False,False,False
ace0887c-a8a3-466b-978c-d8912b922f7d,0.0,hard(p=0),False,False,False,False,True
46128e69-5e9c-4ca9-bf91-9696d5643078,0.75,easy(>.75),True,False,True,True,False
639bfbe9-9ea0-48d0-902f-73803dea7aaf,0.0,hard(p=0),False,False,False,False,False
2fb3cdc4-1825-47c6-9fd3-ee461594043b,0.0,hard(p=0),False,False,False,False,False
e7206467-c133-43f7-82ef-6fa018da7089,0.125,.125-.25,False,False,False,False,False
c014e27b-c732-4773-9a03-8d0423ee5889,0.0,hard(p=0),False,False,False,False,False
da527b9f-d94e-4257-81b3-9df9695f30fd,0.125,.125-.25,False,True,False,False,False
8d3b618c-f488-4e47-a037-2d4abd4fb631,0.0,hard(p=0),False,False,False,False,False
8f15e081-c059-419d-ba16-7e03e0d92061,0.0,hard(p=0),False,False,False,False,False
1f3c5f96-202d-4c63-a3b0-64c81e186fca,0.75,easy(>.75),True,True,True,True,True
8a86e67c-61be-41ce-a224-45077ab23e8a,0.125,.125-.25,False,True,False,False,True
330bd6d9-4c80-45d0-aba7-bc8c6ad12e1a,0.25,.25-.5,False,True,False,False,False
1873fd9a-815c-4683-89ea-7a053f8a7ff4,0.0,hard(p=0),False,False,False,False,False
4303a60e-e2d3-454f-8a84-bd4a546caa60,0.0,hard(p=0),False,False,False,False,False
576b501a-7b77-491f-aaea-2d3f350b2de0,0.5,.5-.75,True,False,True,False,True
11f31871-dde9-4bbf-8f11-2b9d83d8762b,0.0,hard(p=0),True,False,True,False,True
99454afe-cdee-4f2b-b590-6751ca2a0442,0.0,hard(p=0),False,False,False,False,False
c143279d-4b90-40b7-aa43-a03609d02681,0.0,hard(p=0),False,False,False,False,False
d2ff620c-03cf-41ca-94a8-f88d2d98eccf,0.25,.25-.5,False,False,False,False,True
9a26dc44-bc94-4411-9024-e1ec7086d8ed,0.5,.5-.75,True,False,True,False,False
b6e1c827-723c-42ae-b64a-29e3482d38d4,0.0,hard(p=0),False,False,False,False,False
4b5e4fc8-8c38-4f73-b50f-7f545e7e52e1,0.0,hard(p=0),False,False,False,False,False
53499fc9-e3a6-418a-9e66-b5a7bcdebcc2,0.5,.5-.75,True,True,False,False,False
74d15b2b-6b53-4b8c-a9db-41a81736c308,0.25,.25-.5,False,False,False,False,False
ab6e79ac-c39c-4540-b028-610510bb7f36,0.0,hard(p=0),False,False,False,False,False
1a0e4187-910e-4afb-aea9-e35253b17686,0.875,easy(>.75),True,False,True,True,True
b2d56d17-afba-42cb-b3a8-6f395e6a26a1,0.0,hard(p=0),False,False,False,True,False
b15c340f-14da-4681-8afe-0a635a893466,0.125,.125-.25,False,False,False,False,False
136bcbf7-89ca-4de7-993a-4d298a27d089,0.625,.5-.75,False,True,True,True,True
901a2598-81b6-4616-8d26-c4043b4a32dd,0.0,hard(p=0),False,False,True,True,True
135158c9-d42e-4cfd-9eb3-7462d25a2de7,0.25,.25-.5,False,False,False,False,False
82117763-548c-4761-9874-6529ca0abc3e,0.375,.25-.5,False,False,False,False,False
3a8cfe3a-aa60-4818-bb09-606929b54914,0.0,hard(p=0),False,False,False,False,False
aa70d5d9-c7c6-43b9-8f64-77e09ce59815,0.875,easy(>.75),False,False,True,False,True
d25a91c0-02c6-42cd-9cff-3fbce41ec3ba,0.875,easy(>.75),True,True,False,True,True
8be3a2d7-f97a-453d-ae16-7cb9db2729e7,0.0,hard(p=0),False,False,False,False,False
e6c453c8-d43f-4765-b397-9a792fcc3539,0.125,.125-.25,False,False,False,False,False
0da209bf-3ce6-4cb1-a715-22925163c56e,0.875,easy(>.75),True,True,True,True,False
239788f5-d010-46f7-ae2c-83a480fa0f6c,0.0,hard(p=0),False,False,True,True,True
ec1bf613-9b4c-4e2a-a378-e1513ddc0b9c,0.0,hard(p=0),False,False,False,False,False
49369bdf-f72e-47e3-9872-76847d842520,0.5,.5-.75,True,True,False,True,False
a8132503-05b3-4f10-b6fb-1d244c63c7eb,0.0,hard(p=0),False,False,False,False,False
b5635502-7cc5-42b5-809d-0b36c891c147,0.0,hard(p=0),False,False,False,False,False
a1b2cccc-c04e-48e7-ae66-06544d141d52,0.0,hard(p=0),False,False,False,False,False
a3b3befa-8ba8-4087-8cfc-1e4fe1ba4bed,0.0,hard(p=0),False,False,False,False,False
a1249516-55c7-4267-8657-65d782f4c099,0.0,hard(p=0),False,False,False,False,True
9268b31c-4ced-44ab-a31e-8d6a37849a08,0.0,hard(p=0),False,False,False,False,False
c9eaa2e7-3695-4071-a3a3-98caeb499f64,0.125,.125-.25,True,True,True,True,True
4e2a96d5-d408-4b7d-a473-ded0186bd77f,0.625,.5-.75,True,True,False,False,False
4896026c-265f-4f76-a27b-6eca80d61fef,0.0,hard(p=0),False,False,False,False,False
ef4d9843-e72d-4dba-9b8b-68e88346e7e0,0.0,hard(p=0),False,False,False,False,False
c5d4e804-feea-4c9c-8c92-f2d6611ad8c2,0.0,hard(p=0),False,False,False,False,False
874761a8-fd2a-4843-806d-752a1985e0e0,0.0,hard(p=0),False,False,False,False,False
2a0b4815-e45d-4d0e-b4d8-4506252a3da3,0.0,hard(p=0),False,False,False,False,False
e8678fd2-e6b0-4571-9907-d575746db568,0.125,.125-.25,False,False,False,False,False
0863f2f7-4e87-464e-bc9b-1ff3a85b7c56,0.0,hard(p=0),False,False,False,False,True
4b9017de-44b2-4e2b-9cb7-9a1ee8ee59d2,0.75,easy(>.75),True,True,True,True,True
d75b2230-1d15-4a20-8e09-343e1f256f5c,0.0,hard(p=0),False,False,False,False,False
39c7c9df-913f-4622-a011-4f07c9561a21,0.0,hard(p=0),False,False,False,False,False
76c425dd-91c3-4f0f-bf49-d6ce1dcb6551,0.75,easy(>.75),False,False,False,False,True
71a4dc32-2d7c-4624-a8ee-195a718c30ed,0.0,hard(p=0),True,False,False,False,False
09d265df-334b-48bf-8921-5ce757f6a276,0.0,hard(p=0),False,False,False,False,False
22f7f6cf-5714-4320-80bd-57afd4de44b6,0.0,hard(p=0),False,False,False,False,False
cc65ac3a-ba04-4216-b8cc-e5364b004033,1.0,easy(>.75),True,True,True,False,True
261976fd-0963-4a43-a854-93e55a1fa9f7,0.125,.125-.25,False,True,False,False,False
44d5a443-c297-4691-b98b-9a8b5f3512b5,0.0,hard(p=0),False,False,False,False,False
e074feaf-329d-4586-b588-e9f9c11d0f00,0.75,easy(>.75),True,False,True,True,True
bb838926-ff07-4e04-a18e-cd8b6c773ac1,0.625,.5-.75,False,False,False,False,True
32b253b5-c4a6-45a7-842e-3cd3becf0f32,0.0,hard(p=0),False,False,False,False,False
a6545fbc-30c4-4dff-9536-b7abc15ef302,0.0,hard(p=0),False,False,False,False,False
53de5966-83be-4bf9-807f-f8a37195aaea,0.0,hard(p=0),True,False,True,True,False
49154d8a-5cde-48bd-adf0-7797a939c62e,0.0,hard(p=0),False,False,False,False,False
abbed715-0a07-45f8-917f-ba6ab71420d0,0.875,easy(>.75),True,True,False,True,False
39e792e8-0715-4fb7-955a-43bbcfe98298,0.5,.5-.75,True,True,False,False,True
c766b3ed-1ad4-4937-8261-ab0adfc758c7,0.0,hard(p=0),False,False,False,False,False
ffdba40e-0e6c-4067-a94a-4333547795bc,0.0,hard(p=0),False,False,False,False,False
f8508c63-4338-46ce-9557-9be1f02478f7,0.0,hard(p=0),False,False,False,False,False
81d605b7-4171-46c3-99e9-0b8fd83c7981,0.625,.5-.75,True,False,False,False,False
cc842e0b-93ab-47cc-92d4-e323e97f2355,0.125,.125-.25,False,False,False,False,False
49eeaeed-2716-41b4-8f41-088669c99430,0.0,hard(p=0),False,False,False,False,False
b20a57e5-d254-40e3-bf30-33c6eab5372c,0.875,easy(>.75),True,True,True,True,True
006c0a13-d624-4257-9476-dcfce20950e9,0.0,hard(p=0),False,False,False,False,False
04b149a3-86ee-4c6f-af17-f2d1c460b345,0.25,.25-.5,False,False,True,False,False
25aec937-c4f4-4a30-a1e2-0eb82cc34df4,0.0,hard(p=0),False,False,False,False,False
2dc7a137-51ae-4eca-ad47-8edd7a6f9351,0.0,hard(p=0),False,False,False,False,False
237e82fb-5fff-4bc9-b4de-7d3dd4f6aad3,0.5,.5-.75,False,True,True,True,True
c0ac1f3e-6356-44f5-940f-806580ffb24c,0.625,.5-.75,True,True,True,True,True
182263c3-7897-41fa-826d-56483b0504b0,0.0,hard(p=0),False,False,False,False,False
8ce4afce-bfbe-4437-8217-62a8367b6be7,0.0,hard(p=0),False,False,False,False,False
9ceb352e-0d85-40b8-90d6-bac870c50724,0.0,hard(p=0),True,True,False,True,False
9787c14e-2c0c-4b67-a5c9-6141a63e7eff,0.375,.25-.5,True,False,False,True,False
d6913deb-8b96-46a1-9a03-d418ca8d81c6,0.375,.25-.5,True,True,False,False,True
50c2a116-feee-462e-963d-06720d995121,0.25,.25-.5,True,False,True,False,False
5ae7f8c0-43dc-475d-a8ec-e3a17c01b695,0.5,.5-.75,True,False,True,True,True
4af4c481-055e-486d-b24f-796e5256e17a,0.0,hard(p=0),False,False,False,False,False
4271424c-82a1-428f-928a-802e41e3b25f,0.625,.5-.75,True,False,True,True,False
b7de1c96-9bce-4c71-b3ee-fa1c22aa98e6,0.125,.125-.25,True,True,True,False,True
f22a0547-7c9e-4c61-910d-e8e55b2a2708,0.0,hard(p=0),False,False,False,False,False
5c9c1924-e506-4f7d-9172-dbd9a4444a44,0.0,hard(p=0),False,False,False,True,False
8967b859-0ebd-4600-a4a6-829e01b86de3,0.0,hard(p=0),False,False,False,False,False
a454a7ca-2063-4b28-b7d1-2c7d5b21514c,0.5,.5-.75,False,True,True,True,True
e6512387-fd8e-4e91-ae9f-3ba90d8d1c5b,0.0,hard(p=0),False,False,False,False,False
66cda75e-b15b-4172-9658-6f33a25c8b2a,0.0,hard(p=0),False,False,True,False,False
78582b06-ddcf-4008-ab07-e3ac829e873d,0.875,easy(>.75),False,False,False,True,True
2fe33b1e-3569-46ba-a77a-80d6b8b4f9e5,0.125,.125-.25,False,False,True,False,False
ca4093b6-fde3-4845-afa0-be9d25116c72,0.125,.125-.25,False,True,False,False,False
cf62a9c2-b63a-4fd9-b436-a9bd47de5240,0.25,.25-.5,False,False,True,False,True
18776cc9-a108-4cef-8118-0d2d44a80e1e,0.0,hard(p=0),False,False,False,False,False
b9e0ab47-763f-4324-b3c8-d360584e8fd3,0.0,hard(p=0),False,False,False,False,False
9d51e562-7bfb-4037-a6c6-a8e5d1fb529e,1.0,easy(>.75),True,True,False,True,True
1b30ef91-405e-4582-b0e7-d19469e5ddab,0.75,easy(>.75),True,True,True,False,True
65389e82-975f-4f20-ad54-fc0b0d16bd27,0.875,easy(>.75),False,True,False,False,True
49a68862-d0f3-45b3-a87b-e6e55d3a961e,0.125,.125-.25,False,False,False,False,False
d8078fcb-d638-4b82-a7ee-8f4a6b6179f8,0.125,.125-.25,False,False,True,False,False
800d8bb4-7305-4965-bfd7-c633eeee5dd0,0.375,.25-.5,False,False,False,False,False
3222d5d6-71cf-4b37-925b-d300f16add01,0.0,hard(p=0),False,False,False,False,False
5a890d8b-d80b-4836-b568-16f6a884a88d,0.0,hard(p=0),False,False,False,False,False
eac99377-eecd-4833-bee7-15add009270d,0.0,hard(p=0),False,False,False,False,False
0742e30a-424a-49ce-ad0c-961ff7722aba,0.0,hard(p=0),False,True,False,False,False
892c2cc7-a76a-4a58-bc20-83d5ec26f4fb,0.375,.25-.5,False,False,False,False,False
1b9a6c2a-6b9d-4eb3-b655-36858d2fb3ed,0.375,.25-.5,False,False,False,False,False
754558a9-9fcc-41e6-8ddc-484f53fc2f7c,0.0,hard(p=0),False,False,False,False,False
99b4a303-0c5a-494e-9fd4-e4d30a5729d6,0.0,hard(p=0),False,False,False,False,False
1945c1c6-8d5b-4bbe-989c-ac98668af3ec,1.0,easy(>.75),True,True,True,True,True
1afae752-f613-4cf9-8aaa-482af576d145,0.375,.25-.5,True,True,True,True,False
5a8b5f4f-ee66-4813-959a-078ce00ad0cb,0.125,.125-.25,False,False,False,False,False
afae7de8-796f-4e6b-a8f0-7981fc973384,0.0,hard(p=0),False,False,False,False,False
b921bada-7372-4658-9150-b16e3d5298b0,0.0,hard(p=0),False,False,False,False,False
31619827-b40c-4f4d-8cef-08c9131ed63b,0.0,hard(p=0),False,False,False,False,False
0049c5c2-8047-4dcd-8e5d-3f34742e324e,0.0,hard(p=0),False,False,False,False,False
57b5179d-951f-498d-84a7-4e683abe88d4,0.0,hard(p=0),False,False,False,False,False
cea92eb4-8699-4849-8eb8-35a48dfa25e5,0.125,.125-.25,False,False,False,False,False
339e3db1-7026-4599-96e3-4d8f8fdd29f0,0.5,.5-.75,False,True,True,False,True
fd4d670b-7112-4e11-942e-95f6e295d82f,0.125,.125-.25,False,False,False,False,False
85a4aa4f-3c1e-422f-82fc-56a629ae5dfb,0.0,hard(p=0),False,False,False,False,False
d8fb38cf-66c7-418b-bae7-5b65794ec932,0.0,hard(p=0),False,False,False,False,False
8a77f5a0-9971-4ca7-be7e-15fc4462311f,0.0,hard(p=0),True,True,True,True,True
a01882aa-8823-4607-a960-b6db3af42fe8,0.75,easy(>.75),True,True,True,True,True
b7361e51-2ee9-4585-acbb-db3ae070afcc,0.0,hard(p=0),False,False,False,False,False
67c971a3-09d3-4635-a39e-920fcde2500e,0.375,.25-.5,False,False,False,False,False
ad262150-b38f-4aac-8dc0-2734ea9ea9c6,0.375,.25-.5,True,True,False,False,True
a4e8bd25-924f-47ea-926c-e9669f017177,0.0,hard(p=0),False,False,False,False,False
ad7a36b5-ab52-4471-ae4e-1517ffababe5,0.0,hard(p=0),True,False,False,False,False
22a824e8-a62f-4715-b1d5-c596e490bb48,0.5,.5-.75,True,True,True,True,False
58421902-9b91-4587-8cf9-1afa707922ca,0.125,.125-.25,False,False,False,False,False
ac7f8488-1f12-4535-9224-f5abe1238165,0.25,.25-.5,False,False,False,False,False
306b1ac4-d43e-4fa2-afa8-64a0da1a9df9,0.0,hard(p=0),False,False,False,False,False
f3d20096-42a6-416d-a935-2a796b644159,0.125,.125-.25,False,False,True,False,True
9d9a8c9b-c475-4a45-8767-3ecc5e4d35fc,0.0,hard(p=0),False,True,True,False,True
9eae5078-9ddf-460b-a6b0-f19b7c07b137,0.125,.125-.25,False,False,False,False,False
81dcce93-1e21-4856-b92a-d3980d68eeb1,0.0,hard(p=0),False,False,False,False,False
33d93c70-d6c7-4c01-9797-ecafaece44e2,0.5,.5-.75,True,True,False,False,True
b839c2b2-f81c-4da8-bb73-f68845d5d95f,0.5,.5-.75,False,False,False,True,True
b84c1e75-4307-4673-97ef-ce0ef945c9e4,0.125,.125-.25,False,True,True,True,False
ea42e3d3-a537-4162-b451-827229d0dd71,0.0,hard(p=0),False,False,False,False,False
97ba39c8-88e9-4b99-830e-2821e73a0420,0.0,hard(p=0),False,False,False,False,False
7034407a-fb7a-46d5-9987-f58b32a3466c,0.0,hard(p=0),False,False,True,False,True
f7d305c1-82b2-4d2d-b6df-ae8452c1ccce,0.0,hard(p=0),False,False,False,False,False
79d9dd0f-faae-43f4-854d-c091c01f14dd,0.5,.5-.75,True,True,True,True,True
42b52cfe-1aa8-4098-b4db-10e32afe975b,0.0,hard(p=0),False,False,False,False,False
bbf01c1d-c177-4332-888f-4e3545ef710c,0.0,hard(p=0),False,False,False,False,False
9a824327-2b55-47a5-aa69-ca1e2e8a72d5,0.125,.125-.25,False,True,False,False,False
d3ac5268-ee36-4f79-8705-ce986c06e6fe,0.875,easy(>.75),False,True,True,True,True
92459939-663b-4104-ab7b-3440ddb01911,0.0,hard(p=0),False,False,False,False,False
5388735b-b15f-4101-9155-7b20ce6e7d28,0.0,hard(p=0),False,True,True,True,True
4ac903d3-1530-4795-bd77-05e8caff1877,0.25,.25-.5,False,False,False,True,True
2e319de6-70ef-49b4-8a3d-7824c07b61b3,0.0,hard(p=0),False,False,False,False,False
bf66f909-56fb-4cfe-a38c-595ead6350ae,0.0,hard(p=0),False,False,False,False,False
3ef0bdda-30f2-4663-a52c-e7b2f68dcf0b,0.0,hard(p=0),False,False,False,False,False
7f62d3fd-2919-4926-bdd2-60c93cd5b735,0.0,hard(p=0),False,False,False,True,False
dfe48f35-a064-4d8c-95e9-3acbc5970755,0.375,.25-.5,True,True,False,False,False
c36f468e-9f9b-438c-838e-5a2c9fd673b5,0.0,hard(p=0),False,False,False,False,False
3cee50e7-f055-4259-a662-728dd6f66772,0.0,hard(p=0),False,False,False,False,False
512523f7-cdcb-443d-bbca-a7eab362944f,0.5,.5-.75,False,True,False,False,False
3a606ae1-ea5c-4cfb-a62f-7fe4ba8adc77,0.625,.5-.75,False,True,False,True,True
6f8abc1a-e253-4c91-86b4-608967dfcf08,0.0,hard(p=0),False,False,False,True,False
512e554d-de5a-4ca3-8ce0-d1728376bd7b,0.0,hard(p=0),False,False,False,False,False
7ca0304b-341b-4ab5-8034-191e71d08706,0.0,hard(p=0),False,False,False,False,False
8cf07f7a-d663-4021-8ab4-93dc5a0aa04d,0.0,hard(p=0),False,False,False,False,False
a509ed20-a86a-42e7-b0b4-35cfade71540,0.0,hard(p=0),False,False,False,False,False
1e8a24eb-324a-4c62-b656-e9652541525d,0.125,.125-.25,False,False,False,False,False
c90baad1-aa60-487d-b05c-bc647455bdc4,0.0,hard(p=0),False,False,False,True,False
65ef1fec-80a4-433c-9b7c-f4532a963f0a,0.0,hard(p=0),False,True,False,False,False
94f8a749-c7e8-4681-85c0-9a0ade5506f2,0.0,hard(p=0),False,False,False,False,False
dd5fc85c-e3c3-45ae-a0cb-21032bfcfb08,0.625,.5-.75,True,True,True,True,True
5209cf42-a0b3-4a4d-a29f-cb2ceaf00673,0.0,hard(p=0),False,False,False,False,False
acd56bdc-96ee-4c60-a4da-9e72366ae745,0.0,hard(p=0),False,False,False,False,False
832997cf-a3df-4bcf-8d1d-f07929b53978,0.0,hard(p=0),False,False,False,False,False
4eec4442-a661-458a-a703-829d6988ee28,0.0,hard(p=0),False,False,False,False,False
89a0eec8-058c-4a43-9fcd-b8c17d3c535d,0.25,.25-.5,True,True,True,False,True
9a1f7119-c2f0-47db-924b-fd0df29564e2,0.375,.25-.5,False,False,True,True,False
3660f86f-f135-4508-a72f-8ee0e05d12d6,0.875,easy(>.75),True,False,True,True,True
6e6c9728-50fc-4f9c-a1ad-4ec8bc150455,0.0,hard(p=0),False,False,False,False,False
6b6fca41-2382-49fa-bd51-740972111cc1,0.625,.5-.75,True,False,True,True,False
dcb59efe-953d-4075-baba-e024917f7396,0.0,hard(p=0),False,False,False,False,False
c91850e7-8f27-4951-8c43-289201a2ca23,0.0,hard(p=0),False,False,False,False,False
a956c4e9-bcdc-430d-af04-b01d1dde3f12,0.0,hard(p=0),False,False,False,False,False
8f8e43a4-c616-426f-a7d4-63c446ba550c,0.0,hard(p=0),False,False,False,False,False
c78912e8-d948-4aaa-b1d7-2d48be77ccaa,0.125,.125-.25,False,False,False,False,False
8af966ab-ca07-4d6f-b75b-0955d55682eb,0.75,easy(>.75),True,True,False,False,True
211fa72f-8b8f-408f-b268-643dd2fdc491,0.625,.5-.75,False,True,True,False,False
ce22f5f3-5c14-4955-b19e-1fb96c5b6e73,0.25,.25-.5,True,False,False,False,False
c87b8baf-b790-4c2c-9d50-1a37e9480fb5,0.0,hard(p=0),False,False,False,False,False
051e2a7a-f841-4872-853e-0fa29de0f1ea,0.875,easy(>.75),True,True,True,True,True
ceb50108-8113-40f8-8b46-9dc349eebbbe,0.0,hard(p=0),False,False,True,False,False
e0045b08-3733-4934-8492-55ee6641d022,0.0,hard(p=0),False,False,False,False,True
d21f7acb-75f2-4af2-9678-c6acc2df6994,0.125,.125-.25,False,False,False,True,False
5d56f2e3-d4c1-409f-b9c3-302ea4549cf5,0.0,hard(p=0),True,False,False,False,False
a7adc3b9-5e10-43d6-ac51-07a3ecc3ddf4,0.0,hard(p=0),False,False,False,False,False
76165baf-bfa8-4b37-b4ef-be9a9db31ac7,0.0,hard(p=0),False,False,False,False,False
90e430ba-222b-4ad0-b555-b0bcf63d0679,0.375,.25-.5,False,False,False,False,False
7af96166-20b8-4c9f-b406-df0e0aacdadd,0.125,.125-.25,True,False,True,False,False
d43a6240-e03d-4cec-b67d-2ea7a3bb16a4,0.0,hard(p=0),False,False,True,False,True
6e77c50b-e0a2-44f1-802c-7916796d9a2e,0.125,.125-.25,True,False,False,False,True
42df3863-87c5-46ef-bf82-1f238235034b,0.125,.125-.25,False,False,False,False,False
33bc1e66-e4bd-4b41-bc46-50256b083fe8,0.75,easy(>.75),False,True,True,False,True
b8ad1678-b1af-4d84-a151-211865127861,0.375,.25-.5,False,False,False,False,True
dc541dbd-8e07-4333-92dd-89548386447b,0.0,hard(p=0),False,False,False,False,False
b550cdfd-a2dd-4a0b-9aa1-026e12a063f0,0.0,hard(p=0),False,False,False,False,False
3fc736d0-f8a9-409d-98ed-5a271a7417e6,0.75,easy(>.75),True,True,True,True,True
432d5a78-88b0-4716-adf1-0b8d6e188e99,0.0,hard(p=0),False,False,False,False,False
c5cbdb38-bc9c-41d3-9a78-d3cabc1a9ffb,0.0,hard(p=0),False,False,False,False,False
b805c469-43fe-499a-aaf0-fcf30688992b,0.0,hard(p=0),False,False,False,False,False
392e1e62-a968-4069-83bc-cc632fe9d1be,0.0,hard(p=0),False,False,False,False,False
67744424-badf-4d07-aa66-5cda38f6ec78,0.0,hard(p=0),False,False,False,False,False
